B1,I1,C1,P1,B2,I2,C2,P2,B3,I3,C3,P3,B4,I4,C4,P4
0,2.963978618,0,0,0,0,0,0,0,0,0,0,0,0,0,0
0,0,0,0,0,0,0,0,0,2.062953974,0,0,0,0,0,0
0,1.408349072,0,0.477121255,0,0,0,0,0,0,0,0,0,3.444684443,0,0.301029996
0.301029996,1.61157353,0,-0.301029996,0,0,0,0,0,0,0,0,0,0,0,0
0,0,0,0,0,0,0,0,0,3.118691333,0,0,0,0,0,0
0,0,0,0,0,0,0,0,0,0,0,0,0,3.200960356,0,0
0,0,0,0,0,0,0,0,0,0,0,0,0.301029996,3.532769472,0,0
0,0,0,0,0,0,0,0,0,2.931339283,0,0,0,0,0,0
0,3.400398708,0,0,0,0,1.132426758,0,0,0,0,0,0,0,0,0
0,3.142787837,0,0,0,0,0,0,0,0,0,0,0,0,0,0
0,0,0,0,0,1.415851598,0,0,0,1.098113835,1.91467186,0.301029996,0,0,0,0
0,0,0,0,0,2.930505254,0,0,0,0,0,0,0,0,0,0
0,0,0,0,0,0,0,0,0,0,0,0,0,3.110019159,0,0
0.301029996,0,2.054357662,-0.301029996,0,0,0,0,0,0,0,0,0,0,0,0
0,3.409187392,0,0,0,0,1.157206506,0,0,0,0,0,0,0,0,0
0.301029996,0,4.263486297,-0.301029996,0,0,0,0,0,0,0,0,0,0,0,0
0,3.431117466,0,0,0,0,0,0,0,0,0,0,0,0,0,0
0.301029996,2.010564602,0,-0.301029996,0,0,0,0,0,1.094571065,0,0.301029996,0,0,0,0
0,0,0,0,0,1.482731366,0,0.477121255,0,0,0,0,0,0,1.597653201,0
0.301029996,2.485465763,0,0,0.301029996,0,1.679349038,-0.301029996,0,0,0,0,0,0,0,0
0,0,0,0,0,0,0,0,0,0,0,0,0.301029996,2.354848975,0,-0.301029996
0,0,0,0,0,0,1.468107256,0,0,0,1.25013126,0,0,0,0,0
0,0,0,0,0,0,1.737342661,0,0,0.799712539,0,0,0,0,0,0
0,0,0,0,0,0,0,0,0,1.644696903,0,0.301029996,0,0,2.656417654,0
0,0.495631288,0,0,0,0,0,0,0.301029996,3.377751804,0,-0.301029996,0,0,0,0
0,0,0,0,0,0,0,0,0,0,0,0,0,3.240240189,0,0.301029996
0,0,3.678499248,0,0,0,0,0,0,0,0,0,0,0,0,0
0,1.700811059,0,0.477121255,0.477121255,0,1.940265091,-0.477121255,0,0,0,0,0,0,3.39707055,0
0,0,3.710217388,0,0,0,0,0,0,0,0,0,0,0,0,0
0,0,0,0,0,0,1.673190234,0.301029996,0,0,3.494154594,0,0,0,0,0
0.477121255,0,3.47812563,-0.176091259,0.477121255,0,3.006015373,-0.477121255,0.301029996,1.992045725,2.144046682,0.301029996,0,0,0,0
0,0,0,0,0,0,3.001568332,0,0,0,0,0,0,0,0,0
0,0,0,0,0,0,0,0,0,0,0,0,0,2.895972713,0,0.301029996
0,1.501795618,0,0,0,0,0,0,0,0,0,0,0,0,0,0
0.698970004,1.755358134,1.353073769,-0.22184875,0,0,2.142132979,0,0,0,0,0,0,0,0,0
0,0.532614854,0,0,0,0,0,0,0,0,0,0,0,3.68136802,0,0
0.301029996,0,3.454531791,0,0.602059991,2.177177587,2.12019834,-0.301029996,0,0,4.018345866,0.301029996,0,0,0,0
0.477121255,3.17356616,3.839854985,0,0.301029996,0,3.703346141,0,0.301029996,0,1.751633272,-0.301029996,0,0,0,0
0,0,0,0,0,0,0,0,0,3.118691333,0,0,0,0,0,0
0,0,0,0,0,1.483347223,0,0,0,0,0,0,0,0,3.885454931,0
0.301029996,3.089745848,0,-0.301029996,0,0,0,0,0,0,0,0,0,0,0,0
0,0,0,0,0,0,0,0,0.301029996,2.569386076,0,-0.301029996,0,0,1.205547459,0
0,0,0,0,0,0,0,0,0.301029996,3.217774402,0,-0.301029996,0,0,0,0
0,1.116931321,0,0,0.301029996,0,3.106596513,-0.301029996,0,0,0,0,0,0,0,0
0,0,0,0,0,0,0,0,0,2.540075229,0,0,0,0,0,0
0,3.191974703,3.265008614,0.477121255,0,1.032669117,1.415134251,0.301029996,0,0,0,0,0,0,0,0
0,2.048890959,0,0.301029996,0,0,1.01301587,0,0,0,0,0,0.602059991,3.096040554,1.176218042,-0.301029996
0,0,0,0,0,3.077703568,0,0,0,0,0,0,0,0,0,0
0,0,0,0,0,1.437777464,0,0.301029996,0,0,0,0,0,0,0,0
0,0,0,0,0,0,0,0,0,3.39707055,0,0,0,0,0,0
0,0,0,0,0,0,3.001568332,0,0,0,0,0,0,0,0,0
0,0,0,0,0,0,0,0,0,3.193772609,0,0,0,0,0,0
0,0,0,0,0,0,0,0,0,0,0,0,0.301029996,2.86171123,0,0
0,0,0,0,0.301029996,3.032397019,0,0,0,0,0,0,0,0,0,0
0.477121255,1.90162508,0,-0.176091259,0,0,0,0,0,0,0,0,0,0,0,0
0,0,0,0,0,0,0,0,0,0,0,0,0,3.408333676,0,0
0,0,0,0,0,1.200800633,0,0,0,0,0,0,0.301029996,0,1.931212421,-0.301029996
0,0,0,0,0,0,0,0,0,0,0,0,0,3.52455465,0,0.477121255
0,0,0,0,0,0,0,0,0.477121255,2.705891041,0,-0.176091259,0,0,0,0
0.301029996,2.330006146,0,-0.301029996,0,0,3.407626509,0,0,0,0,0,0,0,0,0
0.301029996,2.695584007,0,-0.301029996,0,3.193124598,0,0,0,0,0,0,0,0,0,0
0,0,0,0,0,0,0,0,0,0,0,0,0.301029996,3.198522983,0,-0.301029996
0,3.723687452,0,0,0,0,0,0,0,0,0,0,0,0,0,0
0,0,0,0,0,0,0,0,0.301029996,3.452928913,1.961567219,0,0,0,0,0
0,1.510688602,0,0,0,0,0,0,0.477121255,2.281205866,0,-0.477121255,0,0,0,0
0,1.913654589,0,0,0,0,0,0,0,0,0,0,0,0,2.656417654,0
0,1.963530126,0.495404867,0.77815125,0,0,0,0,0,0,1.569611447,0,0,0.96592021,0,0
0,0,0,0,0,0,0,0,0.301029996,1.514830248,0,-0.301029996,0,0,0,0
0,1.807574477,0,0,0,0,0,0,0,0,0,0,0,0,3.132866542,0
0,3.710217388,0,0,0,0,3.708656505,0,0,0,0,0,0,0,0,0
0,2.712766344,3.133538908,0.477121255,0,0,0,0,0.301029996,0,2.064412056,0.176091259,0.301029996,0,3.400239409,0
0,0,3.098997634,0,0,0,0,0,0,0,0,0,0,0,0,0
0,0,1.471330273,0,0,0,0,0,0,0,1.668404013,0,0,0,2.983868325,0
0,0,0,0,0,0,0,0,0,0,2.838805681,0,0,0,0,0
0.301029996,2.949390757,0,0.176091259,0,0,0,0,0,0,0,0,0,0,0,0
0,0,0,0,0,2.055149606,0,0.698970004,0,0,0,0,0,0,0,0
0,0,0,0,0,1.176091259,0,0,0,0,3.139879086,0,0,0,0,0
0.301029996,1.287332455,0,0,0,1.745853165,0.816747407,0.477121255,0,0,3.720751325,0,0.477121255,2.39624166,2.751394189,0
0,3.169302314,0,0,0,0,0,0,0,0,0,0,0,0,0,0
0.602059991,3.495434478,0,-0.124938737,0,0,3.808674728,0.301029996,0,0,0,0,0,0,0,0
0,0,0,0,0,0,0,0,0,0,0,0,0,1.400329359,0,0.301029996
0,0,0,0,0,0,0,0,0,0,0,0,0,3.040892596,0,0
0,3.384758869,0,0,0,0,0,0,0,0,0,0,0,0,0,0
0,0,0,0,0,0,0,0,0.301029996,3.39707055,0,-0.301029996,0,0,0,0
0,2.684964985,0,0,0,0,0,0,0,0,0,0,0,0,3.233938144,0
0,0,0,0,0,0,0,0,0,2.847857287,0,0.301029996,0,0,0,0
0,0,0,0,0,0,0,0,0.301029996,3.201660545,0,-0.301029996,0,0,0,0
0,2.706289848,0,0,0,3.407626509,0,0,0,0,0,0,0,0,0,0
0,1.704032602,1.22053252,0.903089987,0,0,0,0,0,0,0,0,0,0,0,0
0,0,0,0,0,0,0,0,0,0,0,0,0,2.587575776,0,0
0,0,0,0,0,0,0,0,0,0,2.979957039,0.301029996,0,0,0,0
0,0,0,0,0,0,0,0,0,0,0,0,0,3.470019712,0,0.301029996
0,0,0,0,0,3.245512668,0,0,0,0,0,0,0,0,0,0
0.301029996,1.326402022,0,-0.301029996,0,0,0,0,0,0,0,0,0,0,0,0
0,0,0,0,0,0,0,0,0,3.268157915,0,0,0,0,0,0
0,2.015838581,0,0,0,0,0,0,0,0,0,0,0,0,3.378770989,0
0,3.390367187,0,0.301029996,0,0,0,0,0,0,0,0,0,0,0,0
0,3.13008747,0,0,0,0,0,0,0,0,0,0,0,0,0,0
0,1.265848754,0,0,0,0,0,0,0,0,0,0,0,0,0,0
0,0,1.840776319,0.477121255,0,0,3.461788282,0.301029996,0,0,0,0,0.477121255,0,2.905290168,0
0,3.26462429,0,0.301029996,0,0,0,0,0,0,0,0,0,0,0,0
0,0,0,0,0,0,0,0,0,3.138173761,0,0,0,0,0,0
0,0,0,0,0,0,0,0,0,0.794480012,0,0,0,0,0,0
0,0,0,0,0,0,0,0,0,0,1.637470108,0,0,0,3.341922592,0
0,3.05608542,0,0.301029996,0,1.422842843,1.405816239,0.301029996,0,0,0,0,0,0,3.490480051,0.301029996
0,0,0,0,0,0,0,0,0,0,0,0,0,0,2.594768646,0
0,0,0,0,0,1.157794352,0,0,0,0,0,0,0,0,0,0
0,0,0,0,0,0,1.042138524,0,0,3.115372737,3.118691333,0.301029996,0,0,0,0
0.602059991,2.033218473,0,-0.124938737,0,0,3.140405056,0,0,0,0,0,0,0,0,0
0.301029996,2.696444905,0,-0.301029996,0,0,0,0,0,0,0,0,0,0,0,0
0,0,0,0,0.301029996,0,0.727159631,-0.301029996,0,0,1.627460565,0,0,0,2.174322309,0.301029996
0,0,0,0,0,0,0,0,0,0,0,0,0,2.741720651,0,0.301029996
0,3.493004698,0,0,0,0,0,0,0,0,0,0,0,0,0,0
0.477121255,1.510733465,0.981707385,-0.176091259,0,0,0,0,0.301029996,0,3.13245919,0,0,3.778278033,3.487021483,0.301029996
0,0,3.512484877,0,0,0,3.383745137,0,0,0,3.394222979,0,0,0,3.372919897,0
0,3.297643998,0,0,0,0,0,0,0,0,0,0,0,0,0,0
0,1.445399565,0,0,0,0,0,0,0,0,0,0,0,0,0,0
0,0,0,0,0,0,0,0,0,3.315926935,0,0,0,0,0,0
0,3.371927343,0,0,0,0,0,0,0,0,0,0,0,0,3.35887688,0
0.477121255,2.953996211,2.739114422,0,0,0,0,0,0,0,0,0,0,0,0,0
0,0,0,0,0,0.826680585,0,0.301029996,0,0.839148708,0,0,0,3.282543209,0,0.477121255
0,0,0,0,0,0,0,0,0,0,0,0,0.301029996,2.706871666,1.822210393,0.176091259
0,0,0,0,0,0,0,0,0,2.841105225,0,0,0,3.408333676,3.130799164,0.301029996
0,0,0,0,0,0,0,0,0,0,0,0,0,3.136951054,0,0
0,0,0,0,0,1.061656901,0,0,0,0,0,0,0,0,0,0
0,2.794054895,1.59695077,0.698970004,0,0,0,0,0,0,0,0,0,0,0,0
0,0,0,0,0,0,0,0,0,0,0,0,0.602059991,2.251724719,0,-0.301029996
0.301029996,2.200468846,0,0,0,0,2.710415354,0,0,0,0,0,0,0,0,0
0.477121255,1.917432756,0,-0.477121255,0,0,0,0,0,0,0,0,0,0,0,0
0,3.016042646,0,0,0,0,0,0,0,0,0,0,0,0,0,0
0.301029996,3.153788186,0,-0.301029996,0.477121255,1.122322034,1.569318371,-0.176091259,0,0,0,0,0,0,0,0
0,3.13008747,2.543091225,0.602059991,0,0,1.211726857,0,0,0,1.687327569,0,0,0,0,0
0.301029996,3.153788186,0,-0.301029996,0,0,0,0,0,0,0,0,0.301029996,0,3.200960356,-0.301029996
1.176091259,2.797141826,3.501951696,-0.176091259,0,0,0,0,0,0,0,0,0,0,0,0
0,0,0,0,0,1.543040257,0,0,0.301029996,0,3.850868922,-0.301029996,0,0,0,0
0,3.409187392,0,0,0,0,0,0,0,0,1.037907158,0,0.301029996,0,1.516239073,-0.301029996
0,0,0,0,0,0,0,0,0,0,0,0,0,1.503975139,0,0.301029996
0,0,0,0,0,0,0,0,0,2.187795915,0,0,0,0,3.982398016,0
0,0,0,0,0,0,0,0,0,0,0,0,0,1.053627141,0,0
0,3.17356616,0,0,0,0,0,0,0,0,0,0,0,0,0,0
0,0,0,0,0,0,3.407626509,0,0,0,0,0,0,0,0,0
0,0,0,0,0,3.408239965,0,0,0,0,0,0,0,0,0,0
0.301029996,1.565250238,0,-0.301029996,0,0,0,0,0,0,0,0,0,0,0,0
0,0,1.320584273,0,0,0,0,0,0,0,0,0,0,0,3.356995562,0
0,0,0,0,0,0,0,0,0,0,0,0,0,3.137300608,0,0
0,0,0,0,0,0,0,0,0.301029996,0,2.927724531,-0.301029996,0,0,0,0
0,0,0,0,0,0,0,0,0,0,0,0,0.477121255,3.233216901,1.600000072,-0.176091259
0,1.24781939,0,0,0,0,0,0,0,0,0,0,0,0,2.65270549,0
0,0.917478555,0,0,0,0,0,0,0,0,2.329279291,0,0,0,0,0
0.698970004,1.636414967,2.336371951,0,0,1.425968732,3.060184891,0.477121255,0.301029996,3.44667545,3.193124598,0,0.477121255,0,2.860958548,-0.176091259
0,0,0,0,0,0,0,0,0,0,0,0,0,0.836810326,0,0
0,3.089745848,0,0,0,0,0,0,0,0,0,0,0,0,0,0
0,0,0,0,0,1.13363656,1.0064196,0.602059991,0,0,0,0,0.301029996,0,2.767134089,-0.301029996
0,3.371927343,0,0,0,0,0,0,0,0,0,0,0,0,0,0
0,3.163475845,0,0,0,0,0,0,0,0,0,0,0,0,0,0
0,0,0,0,0,0,0,0,0,0,0,0,0,3.19576132,3.35887688,0.301029996
0,1.448512582,0.604149544,0.698970004,0,0,0,0,0,0,0,0,0,0,0,0
0,3.169302314,0,0,0,0,0,0,0,0,0,0,0,0,0,0
0,0,0,0,0,0,0,0,0,3.419721329,0,0,0,0,3.822536169,0.301029996
0,0,0,0,0,0,0,0,0,0,3.11916598,0.301029996,0,0,0,0
0,0,0,0,0,3.045222966,0,0,0,1.848124438,3.034074709,0.477121255,0,0,0,0
0,0,0,0,0,0,0,0,0,0,2.892742613,0,0,0,0,0
0,0,0,0,0,0,0,0,0.301029996,2.492432941,1.451040255,0,0,0,0,0
0,0,0,0,0.301029996,0,3.751993578,0,0,0,0,0,0,0,0,0
0,1.538717326,0,0,0,0,0,0,0,3.139879086,0,0,0,0,0,0
0,3.059895921,0,0.301029996,0,0,0,0,0,1.55197251,0,0,0,0,0,0
0,2.921132811,0,0,0,0,0,0,0,0,0,0,0,0,0,0
0,3.13008747,0,0,0,0,0,0,0,0,0,0,0,0,0,0
0,0,0,0,0,0,0,0,0,0,0,0,0.477121255,2.231734861,2.10209119,0.367976785
0.477121255,3.380150919,2.732613372,-0.176091259,0,0,0,0,0,0,2.931339283,0,0,0,0,0
0,3.371927343,0,0,0,0,0,0,0,0,0,0,0,0,0,0
0,0,0,0,0,0,0,0,0,2.051579578,0,0.301029996,0,0,0,0
0,0,0,0,0,0,0,0,0,3.39707055,0,0,0,0,0,0
0,0,0,0,0,0,0,0,0,0,0,0,0,2.600401744,0,0
0,2.060049603,0,0,0,0,1.4105315,0,0,0,0,0,0.301029996,0,3.062879955,-0.301029996
0.301029996,2.832508913,0,-0.301029996,0,0,0,0,0,0,2.307914486,0,0,0,0,0
0,0,0,0,0,0,0,0,0,0,0,0,0,0.818268474,0,0
0,3.018691455,3.163475845,0.301029996,0,0,0,0,0,0,0,0,0.301029996,2.299589743,0,-0.301029996
0,2.665666582,0,0,0,0,0,0,0,0,1.548427303,0,0,0,0,0
0,0,0,0,0,0,0,0,0,3.48296647,0,0.301029996,0,0,0,0
0,0,0,0,0,0,0,0,0,1.040305066,0,0,0,0,3.29666519,0
0,2.714808585,0,0,0,0,0,0,0.301029996,2.721016662,0,0,0,0,0,0
0.477121255,2.882381107,2.484441098,-0.176091259,0,0,0,0,0,0,0,0,0,0,0,0
0,0,0,0,0,0.882881597,0,0,0,0,0,0,0,0,0,0
0,0.408111828,1.080128673,0.301029996,0,0,0,0,0,0,3.118691333,0,0,0,0,0
0,0,0,0,0,3.407626509,3.097725445,0.301029996,0,0,0,0,0,0,0,0
0,0,0,0,0,1.167077261,0,0,0,0,0,0,0,0,0,0
0.477121255,2.554162206,0,-0.477121255,0,0,0,0,0,0,0,0,0,0,0,0
0,2.932066137,0,0,0,0,0,0,0,0,0,0,0,0,0,0
0,0,0,0,0,0,0,0,0.301029996,2.919949295,0,-0.301029996,0,0,0,0
0.698970004,1.484359664,0,-0.698970004,0,0,0,0,0,0,0,0,0,0,0,0
0,0,0,0,0,0,0,0,0,0,0,0,0,3.408333676,0,0
0.301029996,2.996614002,2.695584007,0,0,3.134175291,0,0.301029996,0,0,0,0,0,0,0,0
0,1.233010103,1.057606881,0.477121255,0,0,0,0,0,0,0,0,0,0,0,0
0,0,0,0,0,0,0,0,0.301029996,3.731863959,0,-0.301029996,0,0,0,0
0.477121255,0,1.860115545,-0.477121255,0,0,0,0,0,0,0,0,0,1.383027811,0,0
0,0,0,0,0,0,0,0,0,3.6787818,0,0,0,0,0,0
0,0,0,0,0,0,0,0,0.301029996,3.268157915,0,-0.301029996,0,0,0,0
0,0,0,0,0.301029996,0,2.38643721,-0.301029996,0.477121255,1.96507089,0,-0.477121255,0,0,0,0
0,3.260972758,0,0.301029996,0,0,0,0,0,0,0,0,0,0,0,0
0,3.443817832,0,0,0,0,0,0,0,2.569386076,0,0,0,1.37044406,1.109609865,0.301029996
0,2.987384586,0,0,0,0,0,0,0,0,0,0,0,0,0,0
0,0,1.973740269,0,0,0,2.805566518,0,0,0,0,0,0.301029996,2.254176697,2.132996791,0.176091259
0.301029996,2.413778589,0,-0.301029996,0,0,0,0,0,0,0,0,0,0,0,0
0,3.214381514,0,0,0,0,0,0,0,0,0,0,0,0,0,0
0,2.662948622,0,0,0,0,0,0,0,0,0,0,0,0,0,0
0,0,0,0,0,0,1.134175291,0.301029996,0,0,3.103815061,0.301029996,0,0,0,0
0,0,0,0,0,0,0,0,0.301029996,0,2.365067928,-0.301029996,0,0,0,0
0,0,0,0,0,0,0,0,0,2.862473197,0,0.477121255,0,0,0,0
0,0.817181494,0,0,0,0,0,0,0,0,0,0,0,1.438029158,0.944175377,0.301029996
0,3.193124598,0,0,0,0,3.322789422,0,0,0,0,0,0,0,0,0
0,0,0,0,0,2.250615731,0,0.477121255,0,0,0,0,0,0,0,0
0,3.142787837,0,0,0,0,0,0,0,0,0,0,0,0,1.449557926,0
0,0,0,0,0,0,0,0,0,3.103396943,0,0,0,0,0,0
0,3.479210808,0,0,0,0,0,0,0,0,0,0,0,0,0,0
0,1.994498718,0,0.477121255,0,0,0,0,0,0,0,0,0,0,0,0
0,0,0,0,0,0,0,0,0.301029996,1.815954466,0,-0.301029996,0,0,0,0
0,0,0,0,0,0,0,0,0,1.801967579,0,0,0.301029996,0,2.516987941,-0.301029996
0.301029996,2.090121067,0,-0.301029996,0,0,0,0,0,0,0,0,0,0,0,0
0,0,0,0,0,0,0,0,0,2.329279291,0,0,0,0,0,0
0,3.685049427,0,0,0,1.989567479,0,0,0,0,1.682211863,0,0,0,0,0
0,0,3.13008747,0,0,0,0,0,0,0,0,0,0,0,0,0
0,0,0,0,0,0,0,0,0,0,0,0,0,0,3.200960356,0
0,0,0,0,0.477121255,2.468609437,0,-0.477121255,0,0,0,0,0.301029996,3.40930816,0,-0.301029996
0,3.13008747,0,0,0,0,0,0,0,0,0,0,0,0,0,0
0,0,0,0,0,0,0,0,0,2.962370741,0,0.301029996,0,1.3993008,2.787671253,0.602059991
0,0,0,0,0,0,0,0,0,0,0,0,0,0,2.297870369,0
0,0,0,0,0,0,0,0,0,1.764585282,1.483960679,0.477121255,0,0,0,0
0,0,0,0,0,0,0,0,0,1.081739483,0,0,0,0,0,0
0,1.583813982,0,0.301029996,0.301029996,0,2.065203828,-0.301029996,0,0,0,0,0,0,0,0
0,3.172705261,0,0,0,0,0,0,0,0,0,0,0,3.185991487,3.310930224,0.301029996
0,0,0,0,0,0,0,0,0,0,0,0,0.477121255,2.10730368,0,-0.477121255
0,0,0,0,0,0,0,0,0,1.283275951,0,0.301029996,0,0,0,0
0,1.455670776,0,0.301029996,0,1.687467205,1.766742517,0.301029996,0,0,0,0,0,0,0,0
0,0,0,0,0,0,0,0,0,2.969554195,0,0,0,3.198522983,0,0
0,0,0,0,0,3.52234422,0,0,0,0,0,0,0,0,0,0
0,2.695584007,0,0,0,0,0,0,0,1.136382891,0,0,0,0,0,0
0,0,0,0,0,0,0,0,0,1.776268653,1.25013126,0.301029996,0,0,0,0
0,2.662948622,0,0,0,0,0,0,0,0,0,0,0,0,0,0
0,2.036030835,0,0.301029996,0,0,0,0,0,0,1.976921267,0,0,0,0,0
0,3.474596156,0,0,0,0,1.671860539,0.301029996,0.301029996,0,3.419721329,-0.301029996,0,0,0,0
0,1.644840414,1.146606861,0.477121255,0,0,3.762211793,0,0,0,0,0,0,0,2.182136035,0
0,0,0,0,0,3.097725445,0,0,0,0,0,0,0,0,0,0
0,0,0,0,0,0,0,0,0,0,0,0,0,3.411049154,0,0
0,1.007238409,0,0,0,0,0,0,0,3.596607567,0,0,0,1.877855193,2.074851255,0.301029996
0,1.486634793,0,0,0,0,0,0,0,0,0,0,0,0,0,0
0,3.172705261,0,0.301029996,0,0,0,0,0,0,0,0,0,0,0,0
0,3.555642743,3.409187392,0.602059991,0,0,3.407626509,0,0,0,0,0,0.477121255,0,2.088627402,-0.176091259
0,0,0,0,0,0,0,0,0,0,0,0,0,2.587575776,0,0
0,3.519651466,0,0.477121255,0,0,0,0,0,0,0,0,0,0,0,0
0,0,0,0,0,0,1.538394789,0,0,0,0,0,0.477121255,1.815599872,3.250467237,0
0,0,0,0,0,0,0,0,0,2.931339283,0,0,0,0,0,0
0,0,0,0,0,0,0,0,0,3.315926935,0,0,0,0,0,0
0,2.050906224,0,0,0,0,1.443838681,0,0,0,0,0,0.301029996,1.928304152,2.354276519,0.176091259
0,3.390383061,0,0,0,0,0,0,0,0,0,0,0,0,0,0
0,0,0,0,0,0,0,0,0,0,0,0,0,2.250113625,1.705078146,0.301029996
0,1.316296548,0,0,0,0,0,0,0,2.129904624,0,0.477121255,0.477121255,1.196294645,1.084243464,0
0,0,0,0,0,0,0,0,0.301029996,3.017196484,0,-0.301029996,0,0,0,0
0,1.759019608,0,0,0,3.097725445,3.407626509,0.301029996,0,0,0,0,0,0,0,0
0.301029996,1.842395661,0,0,0,0,2.74419297,0,0,0,2.935017461,0.301029996,0,0,0,0
0,0,0,0,0,0,0,0,0,2.204340555,0,0,0,0,0,0
0,0,0,0,0,1.208449976,0,0,0,0,0,0,0.301029996,0,3.39707055,-0.301029996
0,1.714711421,0,0,0,0,2.164283539,0,0,0,3.596607567,0,0,0,0,0
0,0,0,0,0,0,0,0,0,0,1.59773,0,0,0,0,0
0,0,0,0,0,0,0.857702245,0,0,0,0,0,0.477121255,3.71207915,0,-0.477121255
0,0,0,0,0,0,0,0,0,0,0,0,0,0,1.616632873,0
0,0,0,0,0,0,2.397165716,0.477121255,0,0,0,0,0,3.411049154,3.905666118,0.602059991
0,0,0,0,0,0,0,0,0,3.245512668,0,0,0,0,0,0
0,0.519933822,0,0,0,0,0,0,0,1.81377706,0,0.477121255,0,0,0,0
0,2.839951387,0,0,0,0,0,0,0,0,0,0,0,0,0,0
0,0,0,0,0,0,0,0,0,2.077298648,0,0,0,0,1.314911991,0
0,0,0,0,0,0,0,0,0,0,0,0,0.477121255,2.919120406,1.596901111,-0.176091259
0,3.016042646,0,0,0,0,0,0,0,0,0,0,0,0,0,0
0,3.303169124,0,0.301029996,0,0,0,0,0,0,0,0,0,0,0,0
0,0,0,0,0.301029996,2.67959696,0,0,0,0,0,0,0,0,0,0
0,0,0,0,0,3.43358179,0,0.477121255,0,0,0,0,0,0,0,0
0,3.317072642,0,0,0,0,0,0,0,0,0,0,0,0,0,0
0,0,1.935110867,0,0,0,0,0,0,0,0,0,0,0,0,0
0.301029996,4.066187702,0,0,0.301029996,0,3.140405056,-0.301029996,0,0,0,0,0.477121255,0,3.469454558,0
0,0,0,0,0,0,0,0,0,0,0,0,0,0,3.356995562,0
0,0,0,0,0,0,2.74419297,0,0,0,1.591415956,0.301029996,0,0,0,0
0,0,0,0,0,0,0,0,0.301029996,2.982410551,0,0,0,0,0,0
0.477121255,2.140981383,1.310387688,-0.176091259,0,0,0,0,0,0,0,0,0,0,0,0
0,0,0,0,0,0,0,0,0,0,0,0,0,3.200960356,0,0
0,2.855192201,0,0,0,0,0,0,0,0,0,0,0,0,0,0
0,0,0,0,0,0,0,0,0,3.201660545,0,0,0,0,0,0
0,0,0,0,0,0,0,0,0,1.270274697,0,0,0.301029996,1.744142168,0,-0.301029996
0,0,0,0,0.301029996,2.441728188,0,-0.301029996,0,3.32566454,0,0,0,0,0,0
0,0,0,0,0,0,0,0,0,2.540075229,0,0,0,0,0,0
0,0,0,0,0,0,0,0,0,0,0,0,0,3.408333676,0,0
0,0,0,0,0,0,0,0,0,0,3.573656945,0,0,0,0,0
0,0,0.708706113,0,0,0,0,0,0,0,0,0,0,0,1.375881251,0
0.477121255,3.015838581,4.39981221,0.124938736,0,0,0,0,0,1.694977189,2.605505236,0.301029996,0,2.297326693,0,0.301029996
0,0,0,0,0,0,0,0,0,2.931339283,0,0,0,0,0,0
0,0,0,0,0,0,0,0,0,3.649961075,0,0.301029996,0,0,0,0
0,0,0,0,0,0,0,0,0,1.915196533,0,0,0,0,0,0
0,0,0,0,0,0,0,0,0,0,2.540075229,0,0,0,0,0
0,0,0,0,0,0,1.280521711,0,0,0,0,0,0,0,1.196146071,0
0,0,0,0,0,0.776039096,0,0.301029996,0,0,2.897277116,0.301029996,0,0,0,0
0,0,0,0,0,0,0,0,0,0,3.076721809,0,0,0,0,0
0,0,0,0,0,1.258477645,0,0.301029996,0,0,0,0,0,0,0,0
0.477121255,3.255462733,0,0,0,0,0,0,0,0,0,0,0,0,0,0
0,0,0,0,0,0,0,0,0,3.587471795,0,0.301029996,0,0,0,0
0,0,0,0,0,0,2.82989221,0,0,0,0,0,0,0,0,0
0,0,0,0,0,0,0,0,0,1.230731417,0,0,0,0,3.678081611,0
0,3.426847698,0,0.301029996,0,0,0,0,0,0,0,0,0,0,0,0
0,0.70390723,0,0,0,0,0,0,0,0,0,0,0,3.359667916,0,0
0.301029996,1.876474002,0,0,0,0,0,0,0,0,0,0,0,0.94179769,0,0
0,1.453859771,0,0,0,0,0,0,0,0,1.082698032,0,0,0,0,0
0,0,0,0,0,1.567772799,0,0,0,0,0,0,0,0,0,0
0,0,2.714808585,0,0,0,0,0,0,0,0,0,0,0,0,0
0,0,0,0,0,0,0,0,0,3.193772609,0,0,0.477121255,0,3.247530377,-0.176091259
0,0,2.714808585,0,0,0,0,0,0,0,0,0,0,0,0,0
0,0,0,0,0,0,0,0,0,2.263495331,0,0.477121255,0,0,3.200960356,0
0,3.172705261,0,0,0,0,0,0,0,0,0,0,0,0,0,0
0,1.584678882,0,0,0.301029996,3.679763559,0,-0.301029996,0,0,0,0,0,0,1.96017621,0
0,0,0,0,0,3.097725445,0,0,0,0,0,0,0,0,0,0
0,3.306178729,0,0,0,0,0,0,0,0,0,0,0,1.324132017,0,0
0.477121255,1.616795702,0,-0.477121255,0,0,0,0,0,0,0,0,0,0,0,0
0.477121255,3.567277092,0,0,0,0,0,0,0,0,0,0,0,0,0,0
0,0,0,0,0,0,0,0,0,0,0,0,0,3.39624166,0,0
0.301029996,2.692181059,0,-0.301029996,0,0,0,0,0,0,1.010797972,0,0,0,0,0
0.301029996,0,2.054680671,-0.301029996,0,0,0,0,0,0,0,0,0,0,0,0
0,0,0,0,0,1.489794745,0,0,0,0,0,0,0,0,1.244635141,0
0,0,0,0,0,3.097725445,0,0,0,0,0,0,0,0,0,0
0,0,0,0,0.301029996,3.849439352,0,0.176091259,0,0,0,0,0,0,0,0
0,0,0,0,0.477121255,2.805566518,0,-0.477121255,0,0,0,0,0,0,0,0
0,1.085882985,0,0,0,0,3.130922206,0,0,0,2.630309287,0,0,0,2.285701124,0
0,0,0,0,0,2.975920705,0,0.301029996,0,0,0,0,0,0,0,0
0,0,0,0,0,0,3.155354746,0,0,0,0,0,0,0,1.111645189,0
0,0,0,0,0,0,0,0,0,0,3.327990176,0,0,0,0,0
0,0,0,0,0,0,0,0,0,2.492432941,0,0,0,0,0,0
0.301029996,3.723687452,0,-0.301029996,0,0,0,0,0,0,0,0,0,0,0,0
0,3.076439257,0,0,0,0,0,0,0,0,0,0,0,0,0,0
0,3.133538908,0,0,0,0,0,0,0,0,0,0,0,0,0,0
0,1.609842375,0,0.477121255,0,0.900473285,1.4046714,0.477121255,0,0,0,0,0,0,0,0
0,3.317072642,0,0,0,0,0,0,0,0,0,0,0,3.199853407,0,0.301029996
0,1.30914668,0,0.477121255,0,0,3.052576852,0,0,3.396469907,2.671356171,0.301029996,0.301029996,2.535239984,0,-0.301029996
0,3.016042646,0,0,0,0,0,0,0,0,0,0,0,0,0,0
0,3.618102638,0,0,0,0,1.725782527,0,0,1.381181868,0,0,0,0,0,0
0,3.265008614,0,0.301029996,0.301029996,0,1.937295156,-0.301029996,0,0,0,0,0,0,0,0
0,0,0,0,0,0,0,0,0,0,0,0,0,2.662757832,0,0
0,0,0,0,0,0,0,0,0.301029996,3.377751804,0,-0.301029996,0,0,0,0
0,0,0,0,0,0,0,0,0,0,0,0,0,0,3.699059849,0
0,0,0,0,0,0,0,0,0,1.646313115,0,0.301029996,0,0,0,0
0,0,0.708706113,0,0,0,0,0,0,0,0,0,0,0,0,0
0,0.958933729,0,0,0,0,0,0,0,0,0,0,0,0,0,0
0.477121255,2.612624593,0,-0.477121255,0,0,0,0,0,0,0,0,0,0,0,0
0,0,0,0,0,0,0,0,0,0,0,0,0,3.137300608,0,0
0,0,0,0,0,0,0,0,0,0,0,0,0.301029996,3.452762599,1.637481664,0.301029996
0,1.824796898,0,0.301029996,0.301029996,1.988528813,2.427810408,0.602059991,0,1.338956625,3.636828854,0.954242509,0,0,2.0814852,0.301029996
0,0,0,0,0,0,0.941686143,0,0,0,0,0,0,0,0,0
0.301029996,3.054680671,0,-0.301029996,0,0,0,0,0,0,0,0,0,0,0,0
0,1.146606861,0,0,0,1.575959838,0,0,0,0,3.396469907,0,0,0,1.279799254,0
0,1.876828442,1.6117961,0.301029996,0,0,0,0,0,0,0,0,0,0,0,0
0,1.165133367,0,0,0.301029996,0,1.365787127,0,0.301029996,0,2.892742613,-0.301029996,0,0,3.064697031,0
0,3.380211242,0,0,0,0,0,0,0,0,0,0,0,0,0,0
0,0,0,0,0,0,0,0,0,1.091953161,0,0,0,3.064697031,3.660697912,0.301029996
0,3.330006146,0,0,0,0,0,0,0,0,0,0,0,0,0,0
0,0,0,0,0,0,0,0,0,3.133538908,0,0,0,0,0,0
0,3.106300143,0,0,0,0,0,0,0,0,0,0,0,0,0,0
0,0,0,0,0.477121255,1.88301923,0,0.124938736,0,0,1.305664848,0,0,2.631156909,0,0
0,0,0,0,0,2.930505254,0,0,0,0,0,0,0,2.836270613,3.43085674,0.301029996
0,0,0,0,0.301029996,2.533635524,0,-0.301029996,0,0,0,0,0,1.423689445,0,0
0,3.414365518,0,0,0,0,0,0,0,0,0,0,0,0,0,0
0,0,0,0,0,0,0,0,0,0,0,0,0,2.662757832,0,0
0,0,0,0,0,3.407626509,0,0,0,0,1.274605029,0,0,2.055965567,0.992815023,0.301029996
0,0,0,0,0,0,0,0,0,2.492432941,0,0,0,0,0,0
0,0,0,0,0,3.133538908,0,0,0,0,0,0,0,0,0,0
0.301029996,3.183411103,0,-0.301029996,0,0,0,0,0,3.419721329,0,0,0,0,0,0
0,0,0,0,0,0.949547388,0,0,0,0,0,0,0,0,3.139879086,0
0,1.517303613,0,0,0,0,0,0,0,0,3.414484116,0,0,0,0,0
0,0,0,0,0,3.470535234,0,0.477121255,0,0,0,0,0,0,0,0
0,0,0,0,0,0,3.779719583,0,0.301029996,0,1.996007185,-0.301029996,0,0,0,0
0,0,0,0,0,0,0,0,0,1.986164336,0,0.301029996,0,0,0,0
0,2.364636586,0,0,0,0,0,0,0,0,0,0,0,0,0,0
0,0,0,0,0,1.904338006,0,0,0,0,0,0,0,0,0,0
0,0,0,0,0,0,2.805566518,0,0,0,0,0,0,0,0,0
0,0,0,0,0,0,0,0,0,3.65966265,0,0.301029996,0,0,0,0
0,0,0,0,0,3.152477874,0,0,0,0,0,0,0,0,0,0
0.477121255,1.45953608,0,-0.477121255,0,0,0,0,0,0,0,0,0,0,0,0
0,0,0,0,0,2.046981787,0,0.301029996,0,0,0,0,0,3.403120521,0,0.301029996
0,3.169302314,0,0,0,0,0.981412682,0,0,0,0,0,0,1.120214359,1.18838387,0.301029996
0,1.486634793,0,0,0,0,0,0,0,0,0,0,0,0,0,0
0,1.542105501,0,0.477121255,0,0,1.219996745,0,0,0,1.976921267,0,0,0,0,0
0,0,0,0,0,0,0,0,0,1.551147574,0,0,0,0,0,0
0,0,0,0,0,0,0,0,0,0,0,0,0.301029996,1.688671484,0,-0.301029996
0,1.468769795,0,0.477121255,0,3.152477874,3.193124598,0.301029996,0,3.414484116,0,0,0,0,0,0
0,1.093569814,0,0,0.477121255,2.132817335,0,-0.477121255,0,0,0,0,0,0,0,0
0,0,0,0,0,3.328569133,3.221314225,0.301029996,0,0,0,0,0,0,0,0
0,0,0,0,0,0,0,0,0,2.643967554,0,0.301029996,0,0,0,0
0,0,0,0,0,0,0,0,0,0,0,0,0,1.385609627,0,0
0,0,0,0,0.77815125,1.080692106,1.671424732,-0.301029996,0,0,0,0,0,0,0,0
0,0,0,0,0,0,2.720117556,0,0,0,0,0,0,0,0,0
0,0,0,0,0,0,0,0,0,1.18309624,0,0.602059991,0.477121255,1.618125445,0,0.22184875
0,3.227361941,0,0,0,0,0,0,0,0,0,0,0,0,0,0
0,0,1.538717326,0,0,0,0.937295156,0,0,0,0,0,0,0,0,0
0,3.702084465,0,0.477121255,0.477121255,0,2.790240516,-0.477121255,0,0,0,0,0,0,0,0
0,0.234392423,0.59476276,0.301029996,0,0,0,0,0,0,3.076721809,0,0,0,0,0
0,3.431117466,0,0,0,3.045222966,0,0,0,0,0,0,0,0,2.552795062,0.301029996
0.301029996,1.033168363,0,-0.301029996,0,0,0,0,0,0,0,0,0,0,0,0
0,0,0,0,0,0,0,0,0,0,0,0,0,2.770859905,0,0
0,3.111450639,0,0,0,0,0,0,0,0,0,0,0,0,0,0
0.602059991,1.623025675,1.570338301,-0.124938737,0,0,0,0,0,0,0,0,0,1.121478507,1.232160216,0.602059991
0,0,0,0,0,0,0,0,0,0,0,0,0.301029996,3.642952588,0,-0.301029996
0,0,0,0,0,0,3.407626509,0,0,0,0,0,0,0,0,0
0,0,0,0,0,0,3.067772513,0,0,0,0,0,0.301029996,1.468521083,2.48787835,0.176091259
0,0,0,0,0.301029996,2.119477105,0,0.176091259,0,0,0,0,0,0,3.736105003,0.477121255
0,0.472616924,0,0,0,1.416040886,0,0,0,0,0,0,0,0,0,0
0,0,0,0,0,0,0,0,0,3.11916598,0,0,0,0,0,0
0,0,0,0,0,0,0,0,0,1,1.188976669,0.301029996,0,0,0,0
0,0,0,0,0,0,1.321845949,0,0,0,0,0,0,0,0,0
0,0,0,0,0,0,0,0,0,1.698794625,0,0.301029996,0,0,0,0
0,3.185183757,0,0.301029996,0,0,0,0,0,0,0,0,0.301029996,2.6189193,0,-0.301029996
0,3.108157396,0,0,0,0,0,0,0,0,0,0,0,0,0,0
0,3.13008747,0,0,0,0,0,0,0,0,0,0,0,0,0,0
0,0,0,0,0,0,0,0,0,0,0,0,0,0,3.2557379,0
0,3.431117466,0,0,0,0,0,0,0,0,0,0,0,0,0,0
0,0,0.495631288,0,0,0,2.443162974,0,0,0,0,0,0,0,1.648882523,0
0,0,3.473735257,0,0,0,1.982745455,0,0,0,0,0,0,0,0,0
0,0,0,0,0,0,0,0,0,3.408239965,0,0,0,0,0,0
0,3.089745848,0,0,0,0,3.180605649,0,0,0,0,0,0,0,0,0
0,0,0,0,0,3.097725445,3.407626509,0.301029996,0,0,0,0,0,0,0,0
0,0,0,0,0.84509804,1.521401067,0,-0.84509804,0,0,0,0,0,0,0,0
0,3.016042646,0,0,0,3.980793555,0,0,0,0,0,0,0.301029996,0,3.741825427,0
0,0,0,0,0.301029996,2.980793555,0,-0.301029996,0,0,0,0,0,0,0,0
0,0,0,0,0,0,0,0,0,3.100703083,0,0,0,0,0,0
0,0,0,0,0,1.06279083,0,0,0,1.613504146,0,0,0,0,0,0
0,0,0,0,0,0,2.716003344,0,0,0,0,0,0,0,0,0
0,3.13008747,0,0,0,0,0,0,0,0,0,0,0,0,0,0
0,3.501758337,0,0.477121255,0,0,0,0,0,0,0,0,0,0,0,0
0,3.390383061,0,0,0,0,0,0,0,0,0,0,0,0,0,0
0,0,0,0,0,0,0,0,0,0,0,0,0,2.32915243,0,0
0,0,0,0,0,0,0,0,0,0,0,0,0,2.154756898,0,0
0,0,0,0,0,0,0,0,0,0,0,0,0,3.372919897,0,0
0,0,0,0,0,0,0,0,0,0,0,0,0,0,3.505276761,0
0.602059991,0,2.162192706,-0.602059991,0,0,0,0,0.301029996,4.349221851,4.022255967,0.477121255,0.698970004,2.039764565,1.365147495,-0.22184875
0,0,0,0,0,0,0,0,0,0,0,0,0,3.007927806,0,0
0,0,0,0,0,0,0,0,0,0,0,0,0,3.628430467,0,0
0,0,0,0,0,0,0,0,0,3.416402733,0,0,0,0,0,0
0,0,0,0,0,1.416400433,1.502928518,0.301029996,0,0,0,0,0,0,0,0
0.301029996,2.880530771,0,0.477121255,0,1.454454278,0,0,0.301029996,0,2.201221971,0.176091259,0,0,0,0
0,0,0,0,0,0,0,0,0,0,0,0,0,0.918568995,0,0
0,0,0,0,0,3.245512668,0,0,0,0,0,0,0,0,0,0
0,2.714808585,0,0,0,0,0,0,0,0,0,0,0,0,0,0
0,0,0,0,0,0,1.511326424,0,0,0,0,0,0,2.317060414,1.142082177,0.301029996
0,2.714808585,0,0,0,0,0,0,0,0,0,0,0,0,0,0
0,3.258996253,0,0,0,0,0,0,0,0,0,0,0,0,0,0
0.301029996,0,2.491443476,0,0,0,0,0,0.301029996,0,1.304823066,-0.301029996,0,0,0,0
0,0,3.409187392,0,0,0,0,0,0,0,0,0,0,0,0,0
0,0,0,0,0,0,0,0,0.301029996,3.420004109,0,0,0,0,0,0
0.301029996,3.13008747,0,-0.301029996,0,0,0,0,0,0,0,0,0,0,0,0
0,0,0,0,0.477121255,2.255272505,0,-0.477121255,0,0,0,0,0,0,0,0
0,0,0,0,0,0,0,0,0,0,0,0,0,2.90143174,3.434568904,0.301029996
0,2.714808585,0,0,0,0,0,0,0,0,0,0,0,0,0,0
0,3.431117466,3.13008747,0.301029996,0,0,3.884747764,0,0,0,0,0,0,0,3.408333676,0
0,0,1.312217496,0,0,0,0,0,0,0,0,0,0,0,0.978510819,0
0,0,0,0,0,0,0,0,0,0,0,0,0.301029996,2.779091482,0,0
0,0,3.90823872,0,0,0,0,0,0,0,0,0,0,3.137300608,0,0
0,0,0,0,0,0,0,0,0,3.245512668,0,0,0,0,0,0
0,0,0,0,0,0,0,0,0,3.297571045,0,0.301029996,0,0,3.731886736,0
0,0,0,0,0,0,0,0,0,0.952738494,0,0,0,0,0,0
0,0,0,0,0,2.930505254,0,0,0,0,0,0,0,0,0,0
0.477121255,3.189640568,1.155815303,0.367976785,0,0,0,0,0.477121255,0,2.550952535,-0.477121255,0,0,0,0
0,3.018691455,0,0,0,0,0,0,0,0,0,0,0,0,0,0
0,0,0,0,0,0,0,0,0,3.416402733,0,0,0,1.440589824,0,0
0,0,0,0,0,0,0,0,0,0,0,0,0,1.74302447,0,0.477121255
0,0,0,0,0,0,0,0,0,0,0,0,0.477121255,0,2.754935571,-0.477121255
0,2.714808585,0,0,0,0,0,0,0,0,0,0,0,0,0,0
0,1.287524805,0,0,0,0,3.700063886,0,0,0,0,0,0,0,0,0
0,1.985759561,0,0,0,0,0,0,0,0,0,0,0,0,0,0
0,3.431117466,0,0,0,0,0,0,0,0,0,0,0,3.341165357,0,0
0,0,0,0,0,0,0,0,0,0,1.8071506,0,0,0,0,0
0,1.736758565,2.102662342,0.477121255,0,0,0,0,0,0,0,0,0,0,0,0
0,0,0,0,0,0,0,0,0,0,2.415136492,0,0,0,0,0
0,0,0,0,0.301029996,0,2.050340186,-0.301029996,0,0,1.938805539,0,0,1.954242509,0,0
0.301029996,2.930208884,0,-0.301029996,0,0,0,0,0,0,0,0,0,0,0,0
0,0.518810126,1.616795702,0.301029996,0.301029996,0,1.68540978,0.176091259,0,0,0,0,0,0,0,0
0,0,0,0,0,0,0,0,0.602059991,1.972641966,1.092917197,-0.124938737,0,0,0,0
0,0,0,0,0,1.833086814,0,0.477121255,0.77815125,1.172057854,1.688374319,-0.477121255,0.602059991,2.01515901,2.044098519,-0.124938737
0.301029996,2.237732193,3.193625963,0.176091259,0,0,0,0,0,0,0,0,0,0,0,0
0,0,0,0,0.301029996,0,2.79518459,-0.301029996,0,0,2.558879924,0,0,0,0,0
0,2.714808585,0,0,0,0,0,0,0,0,0,0,0,0,0,0
0,3.133655125,0,0.301029996,0,0,0,0,0,0,0,0,0,3.245512668,0,0
0.602059991,1.131469705,1.646701895,-0.124938737,0,0,0,0,0,0,0,0,0,0,0,0
0,0,0,0,0,0,0,0,0.477121255,2.916744407,0,-0.176091259,0,0,0,0
0.301029996,2.088694785,0,-0.301029996,0,0,0,0,0,0,0,0,0,0,0,0
0.602059991,2.044253766,1.701617216,0.096910013,0.301029996,0,3.676225338,0.477121255,0.301029996,2.289862208,3.203117929,0.544068044,0.602059991,1.808114474,1.588798498,-0.124938737
0.301029996,3.53145263,0,-0.301029996,0,0,0,0,0,0,0,0,0,0,0,0
0,0,0,0,0,1.027118485,0,0,0.301029996,1.432444567,2.589594824,0.301029996,0.301029996,0,3.527859762,0.301029996
0,0,0,0,0,0,0,0,0,1.938015238,0,0,0,0,0,0
0.477121255,0.792687875,2.278773416,0.22184875,0,0,0,0,0,0,0,0,0,0,0,0
0,0,1.158506084,0,0,3.139879086,3.246125235,0.301029996,0,0,0,0,0,0,0,0
0,1.894812559,0,0,0,0,0,0,0,0,0,0,0,3.431674385,3.378770989,0.602059991
0,0,0,0,0,0,3.629599129,0,0,0,0,0,0.301029996,0,3.240960167,0
0,0,0,0,0,0,0,0,0,0,1.560662076,0,0,0,0,0
0,0,0,0,0,0,0,0,0,3.017196484,0,0,0,0,0,0
0,2.839039881,0,0,0,0,0,0,0,0,3.569187911,0,0,0,0,0
0,0,1.89340272,0,0,0,0,0,0,0,2.363887174,0,0.477121255,1.698100546,0,-0.477121255
0,0,0,0,0,0,0,0,0.301029996,1.310680395,0,-0.301029996,0,0,0,0
0.301029996,3.327632151,1.086968097,0.301029996,0,0,0,0,0.698970004,0,2.817661338,-0.698970004,0,0,0,0
0,0,1.561415854,0,0,0,1.94721067,0,0,0,2.066037856,0,0,0,0,0
0,1.785848019,0,0.301029996,0,0,0,0,0,0,0,0,0,0,0,0
0,0,0,0,0,0,0,0,0,1.242743955,0,0,0,0,0,0
0,0,0,0,0,0,0,0,0.301029996,2.096040554,0,-0.301029996,0,0,0,0
0,0,0,0,0,0,0,0,0,1.274605029,0,0,0,0,0,0
0,3.163475845,0,0,0,0,0,0,0,0,3.017196484,0,0,0,0,0
0,0,0,0,0,0,0,0,0.477121255,3.44667545,0,-0.477121255,0,0,0,0
0,0,0,0,0,0,0,0,0,3.138173761,0,0,0,0,3.139879086,0
0,2.35193622,0,0,0,0,0,0,0,0,0,0,0,0,0,0
0,0,0,0,0,0,0,0,0,0,0,0,0,2.933927899,0,0
0,0,0,0,0,1.332877363,1.443838681,0.301029996,0,0,0,0,0,1.258740934,1.670336962,0.477121255
0,1.46165923,0,0.477121255,0,0,2.82989221,0,0,0,0,0,0,0,0,0
0,0,0,0,0,3.134810742,0,0,0,0,0,0,0,0,0,0
0,1.655501591,0,0,0,0,0,0,0.301029996,3.39707055,0,-0.301029996,0,0,0,0
0,3.473735257,0,0,0,0,0,0,0,0,0,0,0,0,0,0
0,0,0,0,0,0,0,0,0,0,0,0,0.477121255,2.437280547,0,-0.176091259
0,0,0,0,0,0,0,0,0,3.107430542,0,0,0,1.314911991,0,0
0,0,0,0,0,0,0,0,0,1.692196084,0,0,0,0,0,0
0,0,0,0,0,0,1.593232564,0,0,0,2.101578398,0.477121255,0,0,2.241990825,0
0,0,0,0,0.602059991,1.175133898,1.234083206,-0.124938737,0.301029996,2.11053518,0,0,0,0,0,0
0,2.416631464,3.431117466,0.301029996,0,0,0,0,0,0,0,0,0,0,0,0
0.477121255,3.211153133,2.019595556,0,0,0,0,0,0,0,0,0,0,0,0,0
0,0,0,0,0,0,0,0,0,0,0,0,0.477121255,2.55114362,0,-0.477121255
0,3.098997634,0,0,0,0,0,0,0,0,0,0,0,1.929341504,2.587575776,0.301029996
0,0,0,0,0,0,0,0,0,3.37161107,0,0,0,0,0,0
0,0,0,0,0,0,3.164283539,0,0,0,0,0,0,0,0,0
0,1.572411238,0,0,0.602059991,2.272010313,0,0,0,0,0,0,0,0,0,0
0,1.698140444,0,0.477121255,0,0,0,0,0,2.84744743,3.017196484,0.301029996,0,0,0,0
0,0,0,0,0,0,0,0,0.301029996,2.492432941,0,-0.301029996,0,0,0,0
0,0,0,0,0,0,0,0,0,0,0,0,0.301029996,2.431829159,0,-0.301029996
0,0,0,0,0,0,0,0,0,0,3.076721809,0,0,0,0,0
0,3.036141544,0,0.301029996,0,0,0,0,0,3.118691333,0,0,0,0,3.10730368,0
0,2.528027479,0,0,0,0,0,0,0,0,0,0,0,0,0,0
0,0,0,0,0,1.065583102,0,0.301029996,0,0,0,0,0,0,0,0
0,0,0,0,0,3.395970697,0,0,0.301029996,0,3.095439912,-0.301029996,0,0,0,0
0,0,0,0,0,0,0,0,0.301029996,2.047159707,3.419721329,0,0,0,0,0
0,0,0,0,0,0,0,0,0.301029996,3.414484116,0,-0.301029996,0,0,0,0
0,0,0,0,0,4.243910564,0,0.698970004,0.301029996,0,2.899166794,0,0,3.167317335,3.589606698,0.477121255
0,0,0,0,0,0,3.106596513,0,0,0,0,0,0,0,0,0
0,0,0,0,0,0,0,0,0,3.138173761,0,0,0,0,0,0
0,1.538717326,0,0,0,0,1.522321808,0,0,0,0,0,0,2.283127198,0,0
0.301029996,3.714366929,0,0.397940009,0.301029996,2.676642812,3.202145325,0.176091259,0,0,0,0,0,0,0,0
0,0,0,0,0,0,0,0,0,0,0,0,0.602059991,1.640366805,0,-0.602059991
0,0,0,0,0,0,0,0,0,0,0,0,0.301029996,3.117366502,0,0.176091259
0,0,0,0,0,3.407626509,0,0,0,1.352843926,1.386145287,0.301029996,0,0,0,0
0.477121255,2.231341217,0,-0.477121255,0,0,0,0,0,0,0,0,0,0,0,0
0,0,0,0,0,0,0,0,0,2.235083773,2.058992514,0.301029996,0,0,0,0
0,0,0,0,0,0,0,0,0,0,0,0,0,3.759436879,0,0.477121255
0,0,0,0,0,0,0,0,0,0,0,0,0,0,3.39707055,0
0,0,0,0,0.301029996,3.608043461,0,-0.301029996,0,0,0,0,0,0,0,0
0,1.74642956,0,0,0,0,1.784377218,0,0,0,0,0,0,0,0,0
0,1.764111732,0,0,0,0,0,0,0,0,0,0,0,0,3.372919897,0
0,3.431117466,0,0,0,0,0,0,0,0,0,0,0,0,0,0
0,1.698943326,1.486359263,0.301029996,0,0,1.465439369,0,0,0,3.460957673,0.301029996,0,0.669614611,1.950455382,0.301029996
0,0,2.662948622,0,0,0,0,0,0,0,0,0,0,0,1.861125485,0
0,0,0,0,0,0,3.36452702,0.301029996,0,0,0,0,0,0,0,0
0,0,0,0,0.698970004,3.135695515,0,-0.698970004,0,0,0,0,0,0,0,0
0,0,0,0,0,0,0,0,0,2.13341459,0,0,0,0,0,0
0,0,0,0,0,0,0,0,0,0,3.193124598,0,0,0,0,0
0.301029996,0,1.695319569,-0.301029996,0,0.981412682,0,0,0,2.569386076,0,0,0,0,1.079788099,0
0,0,0,0,0,0,0,0,0,2.138922755,0,0.301029996,0,0,0,0
0,0,0,0,0,1.179739804,0,0,0,0,1.274605029,0,0,0,0,0
0,0,0,0,0,0,0,0,0,0,0,0,0,3.064697031,0,0
0,2.753650676,0,0,0,0,1.791505692,0,0,0,0,0,0,0,0,0
0,0,0,0,0,0,0,0,1.079181246,3.027243745,0,-0.301029996,0,0,0,0
0,0,0,0,0.698970004,1.255338165,0,-0.698970004,0,1.520919486,0,0,0,0,0,0
0,0,0,0,0,0,0,0,0,0,0,0,0,2.959055554,0,0
0,0,2.714808585,0,0,0,0,0,0,0,0,0,0,0,0,0
0.301029996,3.206742608,0,0,0,0,0,0,0,0,0,0,0,0,0,0
0,1.78287377,0,0.301029996,0,0,0,0,0,0,0,0,0.301029996,3.709363672,0,-0.301029996
0,0,0,0,0,0,0,0,0.301029996,2.49302664,0,0.301029996,0,0,3.198522983,0
0,0,0,0,0,0,0,0,0,3.245512668,0,0,0,0,0,0
0,3.054680671,0,0,0,0,0,0,0,0,0,0,0,0,0,0
0.301029996,1.586485336,0,-0.301029996,0,0,0,0,0,0,2.415136492,0,0,0,0,0
0,0,0,0,0,0,3.001568332,0,0,0,0,0,0,0,0,0
0,0,0,0,0,0,3.043443296,0,0.301029996,1.794365432,0,-0.301029996,0,0,0,0
0,1.611075631,0,0.477121255,0,0,2.740308072,0.477121255,0.477121255,0,2.965384546,-0.176091259,0.477121255,0,3.401778883,0
0,3.431117466,0,0,0,0,0,0,0,0,0,0,0,0,0,0
0,0,0,0,0,0,0,0,0,3.229092829,0,0,0,0,0,0
0,0,0,0,0,0,0,0,0,0,0,0,0,1.603849971,1.47216397,0.301029996
0,0,0,0,0,0,0,0,0,1.813076501,0,0,0,0,0,0
0,0,3.108157396,0.301029996,0,0,0,0,0,0,0,0,0.477121255,0,1.991524047,-0.477121255
0,0,0,0,0,0,0,0,0,0,0,0,0,0,1.98256368,0
0,0,0,0,0,1.166327793,0,0,0,0,0,0,0,0,0,0
0,0,0,0,0,0,0,0,0,0,0,0,0,3.408333676,0,0
0,0,0,0,0,3.097725445,0,0,0,0,0,0,0,0,0,0
0,0,0,0,0,0,0,0,0,3.115372737,0,0,0,0,0,0
0,0,0,0,0,0,0,0,0,1.22003061,0,0,0,0,0,0
0,3.156222197,0,0,0,0,0,0,0,0,0,0,0,0,0,0
0,3.479210808,0,0.301029996,0,0,0,0,0,0,0,0,0,0,0,0
0,0,0,0,0,3.134175291,0,0.301029996,0,0,0,0,0,0,2.658127077,0.301029996
0,1.811718598,0,0,0,0,0,0,0,0,0,0,0,0,0,0
0,3.593905029,0,0.301029996,0,0,3.407626509,0,0,0,0,0,0,0,0,0
0,0,0,0,0,0,0,0,0,0,0,0,0,3.408333676,0,0
0,0,0,0,0,0,0,0,0,0.799712539,0,0,0,0,0,0
0.301029996,0,4.301136167,-0.301029996,0,0,0,0,0,0,0,0,0,0,0,0
0,0,0,0,0,0,0,0,0,0,0,0,0,3.026370476,0,0
0,0,0,0,0,0,0,0,0,0,0,0,0,1.61101411,0,0.301029996
0,3.142787837,0,0,0,0,0,0,0,0,0,0,0,0,0,0
0,0,0,0,0.602059991,1.200359834,0,-0.602059991,0,0,0,0,0,0,0,0
1,0.930990573,2.344044564,-0.22184875,0,0,0,0,0,0,0,0,0,0,0,0
0,3.13008747,0,0,0,0,0,0,0,0,0,0,0,0,0,0
0,1.811718598,0,0,0,0,0,0,0,0,0,0,0,0,0,0
0,1.40632066,0,0,0,0,3.609165484,0,0,0,0,0,0,0,3.68136802,0
0,3.201377993,0,0,0,0,0,0,0,0,0,0,0,0,0,0
0,0,3.939677603,0,0,0,0,0,0,0,0,0,0,0,0,0
0,3.434568904,0,0,0,0,0,0,0,0,0,0,0,0,0.872795154,0
0,1.755145705,0,0.477121255,0,0,0,0,0,0,3.408460537,0,0,0,0,0
0,2.599318002,0,0,0,0,0,0,0,0,0,0,0,0,0,0
0,0,0,0,0,0,0,0,0,0,2.341335062,0,0,3.380338025,3.130799164,0.301029996
0,0,0,0,0,1.300002209,0,0,0,0,1.986630808,0,0,0,0,0
0.477121255,3.153788186,1.971277857,-0.176091259,0,0,0,0,0,0,0,0,0,0,0,0
0,0,0,0,0,0,0,0,0,0,0,0,0,3.438058333,0,0.698970004
0,0,0,0,0,0,0,0,0,0,0,0,0,3.026370476,0,0
0,2.963978618,0,0,0,0,0,0,0,0,0,0,0,0,0,0
0,0,0,0,0.477121255,1.605418821,0,-0.477121255,0,3.177157927,2.172098444,0.301029996,0.477121255,3.39624166,1.514051318,-0.176091259
0,0,0,0,0,0,0,0,0,2.768391413,0,0,0,0,0,0
0.602059991,1.97929112,0,-0.602059991,0,0,0,0,0,0,0,0,0,0,0,0
0,1.40632066,0,0,0,0,0,0,0,0,0,0,0,0,1.80901961,0
0,3.201377993,0,0,0,0,0,0,0,0,0,0,0,0,0,0
0,0,0,0,0,0,0,0,0,3.61788826,0,0.602059991,0,0,3.585341376,0.301029996
0,0,0,0,0,0,0,0,0,0,0,0,0.477121255,1.784286693,0,-0.477121255
0,1.764111732,0,0,0,0,1.410617283,0,0,0,2.917101724,0,0,0,0,0
0,2.431117466,0,0,0,0,0,0,0,0,0,0,0,1.380921325,0,0.301029996
0,2.855192201,0,0,0,0,0,0,0,0,0,0,0,0,0,0
0,0,0,0,0.477121255,0,2.252264759,-0.477121255,0,0,2.325559319,0.301029996,0.301029996,0,3.737308323,0
0,2.714808585,0,0,0,0,0,0,0,0,0,0,0,0,0,0
0,0,0,0,0,0,2.74419297,0,0,0,0,0,0,0,0,0
0,2.509696295,1.318377805,0.477121255,0,0,2.177659592,0,0,0,0,0,0,0,0,0
0,0,0,0,0,0,0,0,0,0,0,0,0,3.738438536,0,0
0,0,0,0,0,0,0,0,0,0,0,0,0,3.198522983,0,0
0.301029996,2.303119549,0,-0.301029996,0,0,0,0,0,0,0,0,0,0,0,0
0,0,0,0,0.602059991,0,1.801632554,-0.602059991,0.301029996,3.09653569,3.700080264,0,0,0,3.541818285,0
0,0,0,0,0,2.453383999,0,0,0,0,0,0,0,0,0,0
0,1.605364436,0,0,0,0,0,0,0,0,2.302459381,0,0,0,0,0
0,3.349657419,0,0,0,0,0,0,0,0,0,0,0,0,0,0
0,0,0,0,0,3.679763559,0,0,0,0,0,0,0,3.68136802,0,0
0,0,0,0,0,3.373297106,0,0.301029996,0,0,0,0,0,0,0,0
0,0,0,0,0,0,0,0,0,3.093192983,0,0,0,0,0,0
0,1.980914758,0,0.301029996,0,0,0,0,0,0,0,0,0.301029996,1.201374171,0,-0.301029996
0.602059991,1.931375618,2.066764711,-0.124938737,0,0,1.717430429,0,0,0,3.005352158,0.301029996,0,0,0,0
0,3.201377993,0,0,0,0,0,0,0,0,0,0,0,0,0,0
0,1.527814288,1.043048161,0.477121255,0,0,0,0,0.602059991,2.897637562,3.61387406,0,0,0,0,0
0,0,0,0,0,0,0,0,0,2.239045233,0,0,0,0,0,0
0,0,0,0,0,1.252637696,0,0,0,0,0,0,0,0,1.511539128,0
0,3.685788865,0,0,0,0,0,0,0,0,3.115372737,0,0,0,0,0
0.301029996,3.108157396,3.443817832,0,0,1.779770206,1.568021753,0.77815125,0.301029996,0,1.946296575,0.301029996,0.301029996,1.68386108,3.661870984,0.477121255
0,3.458597168,0,0.301029996,0,0,0,0,0,0,0,0,0,0,0,0
0,2.987384586,0,0,0.477121255,0,3.001568332,-0.477121255,0,0,0,0,0,0,0,0
0.301029996,3.280321116,0,-0.301029996,0,0,0,0,0,0,0,0,0,0,0,0
0,0,0,0,0,0,0,0,0,0,1.547171013,0,0,1.688995017,0,0.477121255
0,0,0,0,0,0.88087011,0,0,0,0,0,0,0,0,0,0
0.301029996,3.044363577,1.160411055,0,0,0,0,0,0,0,0,0,0,0,0,0
0,0,0,0,0,0,0,0,0,3.630133781,0,0,0,0,0,0
0.477121255,1.93943542,2.072884198,0.22184875,0,0,0,0,0.301029996,3.133426695,1.8323967,0,0.301029996,0,3.472924887,0
0,0,0,0,0,0,0,0,0,0,1.429388723,0,0,0,0,0
0,0,0,0,0,2.915546137,0,0.301029996,0,0,0,0,0,0,0,0
0,0,0,0,0,0,0,0,0,3.44667545,0,0,0,0,0,0
0,0,0,0,0,3.193124598,0,0,0,0,0,0,0,0,0,0
0,1.350425287,0,0,0,0,1.587153022,0,0,0,3.228492521,0.301029996,0,0,0,0
0,0,0,0,0,0,0,0,0.301029996,1.816686311,0,-0.301029996,0,2.402614419,0,0
0,0,0,0,0,3.407626509,0,0,0,0,2.210364133,0,0,0,0,0
0,0,0,0,0,0,0,0,0,0,0,0,0,3.198522983,0,0
0.698970004,1.707326995,0,-0.22184875,0,0,0,0,0,0,0,0,0,0,0,0
0,0,0,0,0,0,2.954830947,0,0,0,0,0,0,0,0,0
0,0,0,0,0,3.395970697,0,0,0,0,0,0,0,0,0,0
0,0.574974361,1.00290875,0.301029996,0,0,0,0,0,0,2.630309287,0,0,0,2.431829159,0
0,0,3.119444426,0.301029996,0,0,0,0,0,0,0,0,0,0,0,0
0,0,0,0,0,0,0,0,0,3.017196484,0,0,0,0,0,0
0,0,0,0,0,1.415262188,0,0,0,0,0,0,0,0,0,0
0,0,0,0,0,0,0,0,0,2.569386076,0,0,0,0,0,0
0,0,0,0,0,0,0,0,0,0,0,0,0,3.185463665,0,0.301029996
0,3.044363577,0,0,0,0,0,0,0,0,0,0,0,0,0,0
0,0,0,0,0,0,0,0,0,0,0,0,0,3.955483769,0,0.301029996
0,0,0,0,0,0,0,0,0,3.138173761,0,0,0,0,0,0
0,0,0,0,0,0,0,0,0,0,1.885376869,0.301029996,0,0,0,0
0,0,1.548849385,0,0,0,3.708656505,0,0,0,0,0,0,0,0,0
0,0,0,0,0.301029996,0,2.80552737,-0.301029996,0,0,0,0,0,0,0,0
0,0,0,0,0,0,0,0,0,0,3.414484116,0,0,0,0,0
0,0,0,0,0,0,0,0,0,0,0,0,0,3.39624166,1.165705223,0.301029996
0.698970004,2.288414582,1.413854609,-0.397940009,0,0,0,0,0.301029996,0,3.565065817,0,0,0,0,0
0,0,0,0,0,0,0,0,0,0,0,0,0,3.10730368,0,0
0,0,0,0,0,3.395970697,0,0,0,0,0,0,0,0,0,0
0,0,0,0,0,0,0,0,0,0,0,0,0,3.39624166,0,0
0,0,0,0,0,0,0,0,0,0,0,0,0,3.39624166,0,0
0,0,0,0,0,0,0,0,0,0,0,0,0,3.095211665,1.147221817,0.301029996
0,2.862445849,0,0,0,0,0,0,0,0,0,0,0,0,0,0
0.301029996,3.443817832,2.598719792,0,0,0,0,0,0,0,0,0,0,0,0,0
0,0,0,0,0,0,0,0,0,0,0,0,0.301029996,3.233938144,1.154401871,0
0,3.17356616,0,0,0,0,0,0,0,0,0,0,0,0,3.378770989,0
0,0.974445896,0,0,0,0,0,0,0,0,0,0,0,0,0,0
0,3.140981383,2.894806088,0.477121255,0,0,3.461181797,0,0,0,0,0,0,0,2.212099259,0
0,0,0,0,0,0,2.74419297,0,0,0,0,0,0,0,0,0
0,3.142787837,0,0,0,0,0,0,0,0,2.540075229,0,0,0,0,0
0,0,0,0,0,3.679763559,0,0,0,3.399050268,0,0,0,0,0,0
0,0,0,0,0.301029996,0,2.045222966,-0.301029996,0,0,0,0,0,0,0,0
0,0,0,0,0,0,0,0,0,3.595812588,0,0,0,0,0,0
0,0,0,0,0,0,0,0,0,1.37142203,0,0,0,0,0,0
0,0,1.315690439,0.301029996,0.77815125,2.672666011,1.615708953,-0.079181246,0.301029996,0,3.626694535,-0.301029996,0,1.731146627,0,0.301029996
0,0,0,0,0,0,3.305544385,0,0,0,0,0,0,0,0,0
0,2.048353163,0,0,0,0,0,0,0,0,0,0,0,0,0,0
0.301029996,1.445652468,0,-0.301029996,0,0,0,0,0,0,0,0,0,0,0,0
0,0,0,0,0,0,0,0,0,0,0,0,0,3.133538908,0,0
0,3.142787837,0,0,0,0,2.653800951,0,0,0,0,0,0,0,2.653677909,0
0,2.247135484,0,0,0.477121255,1.540790335,0,-0.477121255,0,0,0,0,0.301029996,0,2.137802609,-0.301029996
0,0,0,0,0,0,0,0,0,0,0,0,0,3.200960356,0,0
0,3.480649404,0,0,0,3.407626509,3.246125235,0.301029996,0,0,0,0,0,0,0,0
0,0,0,0,0,0,0,0,0,0,0,0,0,0.931469418,0,0
0,0,0,0,0.301029996,3.617387861,0,0.301029996,0,0,0,0,0,0,0,0
0,1.506838179,0,0,0,0,0,0,0,0,0,0,0,0,0,0
0,0,0,0,0,0,0,0,0,0,0,0,0,2.481934299,0,0
0,3.602166163,0,0,0,0,0,0,0,0,0,0,0,0,0,0
0,0,0,0,0,0,0,0,0,0,0,0,0.301029996,0,2.420371733,-0.301029996
0,0,0,0,0,2.930505254,0,0,0,0,0,0,0,0,0,0
0,0,0,0,0,0,0,0,0,3.017196484,0,0,0,0,0,0
0,3.054680671,0,0,0,0,0,0,0,1.5635814,0,0.301029996,0,0,0,0
0,0,0,0,0,0,0,0,0,3.245512668,0,0,0,0,0,0
0,0,0,0,0,0,0,0,0,1.828627353,0,0,0,0,0,0
0,1.6734159,0,0,0,3.609165484,0,0,0,0,0,0,0,0,3.602186774,0
0,0,1.796492707,0,0,1.904609003,0,0,0,0,0,0,0,0,0,0
0,0,0,0,0,0,2.169164938,0.301029996,0,0,0,0,0,0,2.022258756,0.301029996
0,1.506838179,0,0,0,0,0,0,0,0,0,0,0,0,0,0
0,0,0,0,0,3.139879086,0,0,0,0,0,0,0,0,0,0
0,0,0,0,0,0,0,0,0.301029996,1.229688742,1.617599569,0.301029996,0,0,0,0
0,0,0,0,0,0,0,0,0,2.273593293,1.274605029,0.301029996,0,0,3.408333676,0
0,0,0,0,0,0,0,0,0,2.6685242,0,0,0,0,0,0
0,1.652545063,1.592139417,0.477121255,0.301029996,3.097725445,3.407626509,0,0,0,0,0,0,3.39624166,0,0
0.477121255,2.617898572,0,-0.176091259,0,0,0,0,0,0,3.626694535,0,0,0,0,0
0,0,0,0,0,0,0,0,0,3.193124598,0,0,0,0,0,0
0,0,0,0,0,1.272119056,0,0,0,0,0,0,0,0,3.380338025,0
0,0,0,0,0,0,0,0,0,0,0,0,0,3.43085674,0,0
0,3.172705261,0,0,0,0,0,0,0,0,0,0,0,0,1.190356293,0
0,0,0,0,0,0,3.177659592,0,0,0,0,0,0,0,0,0
0,2.23145022,0,0,0,0,0,0,0,0,0,0,0,0,0,0
0,0,0,0,0,0,0,0,0,2.806400546,0,0,0,0,0,0
0,0,0,0,0,0,0,0,0,0,0,0,0,3.411049154,0,0
0.602059991,0.963978618,0,-0.602059991,0,0,0,0,0.477121255,0,1.87081968,-0.477121255,0,0,0,0
0,0,0,0,0,0,0,0,0.301029996,0,3.09653569,-0.301029996,0,0,0.918568995,0
0,2.662948622,0,0,0,0,0,0,0,0,0,0,0,0,0,0
0,3.178180812,0,0.301029996,0,0,0,0,0,0,0,0,0,0,0,0
0,3.723687452,0,0,0,0,0,0,0,0,0,0,0,0,0,0
0.301029996,2.776652778,0,0,0,0,0,0,0,0,2.938015238,0,0,0,0,0
0,0,0,0,0,0,0,0,0,0,0,0,0.477121255,2.61809041,0,-0.477121255
0,0,1.454944883,0,0,0,0,0,0,0,0,0,0,0,0,0
0,0,0,0,0,3.634142502,0,0.477121255,0,0,0,0,0,0,0,0
0.301029996,1.398304861,1.207090086,0.301029996,0,3.29666519,3.433262523,0.477121255,0,0,0,0,0,2.235528447,3.161512489,0.602059991
0,0,0,0,0,0,0,0,0,0,0,0,0.477121255,3.202461735,1.089839314,-0.176091259
0,0,0,0,0,0,1.608285959,0,0,0,0,0,0,0,0,0
0,0,0,0,0,0,0,0,0,2.062953974,0,0,0,1.506577454,0,0
0,0,0,0,0,0,0,0,0,3.138173761,0,0,0,0,0,0
0.301029996,2.359772262,0,0.176091259,0,0,0,0,0,0,0,0,0,0,0,0
0.301029996,2.692181059,0,-0.301029996,0,0,0,0,0,0,0,0,0,0,0,0
0,0,0,0,0,0,0,0,0,3.11916598,0,0,0,0,0,0
0,2.732147461,0,0,0,0,0,0,0,0,0,0,0,0,0,0
0,0,0,0,0,0,0,0,0,3.115372737,0,0,0,0,0,0
0,0,0,0,0,0,0,0,0,3.626694535,0,0,0,1.401836192,0,0.301029996
0,0,1.869710545,0,0,0,0,0,0,0,0,0,0,0,1.351747571,0
0,0,0,0,0,0,0,0,0.602059991,1.997424652,1.26804442,-0.124938737,0,0,0,0
0,0,0,0,0,0.918734601,0,0,0,0,0,0,0,0,0,0
0.301029996,2.829057474,0,-0.301029996,0,0,0,0,0,0,0,0,0,0,0,0
0,0,0,0,0,0,0,0,0,0.903782458,0,0,0,0,0,0
0,0,0,0,0,0,0,0,0,3.115372737,0,0,0,0,0,0
0,0,0,0,0,0,0,0,0,0,0,0,0,2.658025558,0,0
0,3.638647608,0,0,0,0,0,0,0,0,0,0,0,0,0,0
0,1.116505569,0,0,0,0,3.407626509,0,0,0,0,0,0,0,0,0
0,3.355710667,0,0,0.301029996,0,1.71105927,-0.301029996,0,3.11916598,0,0,0,0,3.185991487,0
0,0,0,0,0,0,0,0,0,2.638251483,0,0,0,0,0,0
0,0,0,0,0,0,0,0,0,2.114106496,0,0,0,0,0,0
0.477121255,1.732147461,0,-0.477121255,0,0,0,0,0,0,0,0,0,0,0,0
0,0,0,0,0,0,0,0,0,0,2.586956716,0.301029996,0,0,0,0
0.301029996,0,1.723733265,-0.301029996,0,3.259610166,0,0,0,1.190424794,1.164923471,0.301029996,0,0,3.200074488,0
0,1.617603003,0,0,0,0,0,0,0,0,0,0,0,0,3.679800985,0
0,2.098715651,0,0,0,0,0,0,0,0,0,0,0,2.026370476,0,0
0,1.084320886,0,0,0,0,0,0,0,0,0,0,0,0,3.132866542,0
0,0,2.662948622,0,0,0,0,0,0,0,0,0,0,0,0,0
0,0,0.461802703,0.301029996,0,0,0,0,0,2.844477176,3.705910485,0.477121255,0,0,0,0
0,3.016042646,0,0,0,0,3.700063886,0,0,3.626694535,0,0,0,0,0,0
0.477121255,3.431117466,0,-0.477121255,0,0,0,0,0.301029996,1.997209209,3.448222486,0.397940009,0,0,0,0
0,0,0,0,0,0,0,0,0,0,0,0,0,3.697271656,0,0
0,1.089709393,0,0,0,0,0,0,0,0,0,0,0,2.531478917,2.954707905,0.301029996
0,0,0,0,0,0,0,0,0,0,0,0,0,1.486769868,0,0
0.477121255,2.253209868,0,-0.477121255,0.698970004,0,1.106333492,-0.698970004,0,0,0,0,0,2.919120406,3.202461735,0.301029996
0,0,0,0,0,0,0,0,0,0,0,0,0,1.380037211,0,0
0,0,0,0,0,0,0,0,0,1.6189193,0,0,0,3.050815115,0,0
0.602059991,3.211242956,1.727517336,0,0.698970004,0,3.762083295,-0.096910013,0,0,2.685024785,0,0,0,0,0
0.301029996,2.829057474,0,-0.301029996,0,0,0,0,0.301029996,0,2.318226479,-0.301029996,0,0,0,0
0,0,0,0,0.301029996,1.903089987,0,-0.301029996,0,0,0,0,0,0,0,0
0,0,0,0,0,3.395970697,0,0,0,0,0,0,0,0,1.60467886,0
0,1.471697751,0.882299672,0.301029996,0.477121255,0,1.860631352,-0.176091259,0,1.293091178,2.46461851,0.698970004,0,0,1.823021881,0.301029996
0,0,0,0,0,0,3.155354746,0,0,0,0,0,0,0,0,0
0,0,0,0,0,0,0,0,0,3.115372737,0,0,0,0,0,0
0,1.807574477,0,0,0,0,0,0,0,0,0,0,0,0,3.132866542,0
0,0,0,0,0,0,1.477121255,0,0,0,3.193124598,0,0,0,0,0
0,0,0,0,0,3.139879086,0,0,0,3.39707055,0,0,0,0,2.795010559,0
0.301029996,2.269277427,0,-0.301029996,0,0,0,0,0,0,0,0,0,0,0,0
0,0,0,0,0,0,0,0,0,0,2.630309287,0,0,0,0,0
0,0,0,0,0.477121255,2.388128894,1.674610658,0.124938736,0,0,0,0,0,0,0,0
0,2.769867352,0,0,0,0,0,0,0,0,0,0,0,0,0,0
0,1.130936464,1.282082594,0.301029996,0,0,0,0,0,0,3.590575375,0,0,0,0,0
0,0,0,0,0.477121255,1.715948858,0,-0.477121255,0,0,0,0,0,0,0,0
0,1.653880848,0,0.301029996,0.301029996,3.193124598,3.385606274,0,0,0,0,0,0,2.980612986,3.66100092,0.301029996
0.301029996,2.871675266,0,0,0.477121255,0,2.486034349,-0.176091259,0,0,1.218798852,0.301029996,0,3.408333676,3.553968272,0.477121255
0,0,0,0,0.301029996,1.679763559,0,-0.301029996,0,1.984567861,0,0.477121255,0,0,0,0
0,2.829057474,0,0,0,0,0,0,0,0,3.118691333,0,0,3.013679697,0,0
0,0,0,0,0,3.395970697,0,0,0,0,0,0,0,0,0,0
0,0,0,0,0,0,0,0,0.477121255,1.916663259,0,-0.176091259,0,0,0,0
0,0,0,0,0.301029996,2.35214077,2.678301479,0.176091259,0,0,0,0,0,2.768391413,3.310930224,0.477121255
0,0,3.007319844,0,0,0,1.187456873,0,0,0,1.883005198,0,0,0,0,0
0,0,0,0,0,0,0,0,0.301029996,0,3.405053965,-0.301029996,0,0,0,0
0,0,0,0,0,0,0,0,0.301029996,3.403110611,1.999130541,0.176091259,0,0,0,0
0,0,0,0,0,3.19723881,0,0,0,0,0,0,0,0,0,0
0,3.178180812,0,0,0,0,0,0,0,0.973179655,0,0,0,0,0,0
0,0,0.958096406,0,0,0,0,0,0,3.354101893,3.494317738,0.698970004,0,0,0,0
0,0,0,0,0,0,0,0,0,3.583357093,0,0.301029996,0,0,3.408333676,0
0,0,0,0,0,0,0,0,0,0,0,0,0,0,3.130799164,0
0,2.413778589,0,0,0,0,2.159143906,0,0,0,0,0,0,0,0,0
0,0,0,0,0,1.530757344,0,0,0,0,0,0,0,2.944482672,0,0
0,0,0,0,0,0,0,0,0,0,0,0,0.301029996,2.699198915,0,0
0,1.592924604,0,0.301029996,0.602059991,0,3.261968001,-0.301029996,0,0,0,0,0,0,3.24078829,0
0,0,0,0,0,0,0,0,0,3.193772609,0,0,0,0,0,0
0,0,0,0,0,0,0.988318114,0,0,0,1.21749296,0,0,0,0,0
0.301029996,0,0.901895228,-0.301029996,0,0,0,0,0,0,0,0,0,0,0,0
0,0,0,0,0,0,0,0,0.301029996,3.093565113,0,0.176091259,0,0,0,0
0.301029996,2.098997634,0,-0.301029996,0,0,0,0,0.301029996,1.747031163,3.397565686,0,0,0,1.245153095,0
0,0,0,0,0,0,0,0,0,0,0,0,0,0,3.136951054,0
0,0,0,0,0,0,0,0,0,0,3.414484116,0,0,0,3.828796749,0
0,0,2.502407989,0,0,0,1.717125507,0,0,0,0,0,0,3.365113432,0,0.301029996
0,0,0,0,0,0,0,0,0,0,0,0,0,0,3.185991487,0
0,0,0,0,0,0,0,0,0,0,0,0,0,0,1.259065494,0
0,0,0,0,0,0.94665457,1.48510475,0.602059991,0.698970004,1.747749053,1.575635025,-0.22184875,0,0,0,0
0,0,1.48602623,0.301029996,0,0,3.78266564,0,0,0,0,0,0,0,0,0
0,0,0,0,0,2.370726717,0,0,0,0,0,0,0,0,3.064697031,0
0,1.486634793,0,0,0,0,0,0,0,0,0,0,0,0,0,0
0,0,1.337578353,0,0,0,2.954830947,0,0,0,0,0,0.301029996,0,1.917724339,-0.301029996
0,0,0,0,0,0,0,0,0,0,0,0,0,3.39707055,0,0
0.602059991,1.737049786,0.966152733,-0.124938737,0,0,0,0,0,0,0,0,0,0,0,0
0,0,0,0,0,0,0,0,0.301029996,2.969554195,1.829891875,0,0,0,3.011368151,0
0,0,0,0,0,1.135899309,0,0,0,1.386145287,0,0,0,0,0,0
0,0,0,0,0,0,0,0,0,3.695252975,0,0,0,0,0,0
0,2.714808585,0,0,0,0,0,0,0,0,0,0,0,0,0,0
0,0,0,0,0,3.134493132,0,0.301029996,0,0,0,0,0,0,0,0
0,0,3.713822353,0.477121255,0,0,0,0,0,0,0,0,0,0,0,0
0,0,0,0,0,0,0,0,0,2.194930286,2.520721001,0.698970004,0,0,0,0
0.301029996,3.13008747,0,-0.301029996,0,0,0,0,0,0,0,0,0,0,0,0
0,1.546081922,1.512039373,0.477121255,0,0,0,0,0.477121255,2.126139141,0,-0.176091259,0,2.723839101,0,0
0,3.366033666,0,0.602059991,0,0,0,0,0,0,0,0,0,0,0,0
0,0,0.869710545,0,0.477121255,0,1.443162974,-0.477121255,0,2.140799352,0,0,0,0,1.471853006,0
0.602059991,1.010236969,1.519538546,-0.124938737,0,0,0,0,0,0,0,0,0,0,0,0
0.301029996,2.107168691,0,-0.301029996,0,0,0,0,0,0,0,0,0,0,0,0
0.301029996,2.718977761,0,0,0,0,2.159143906,0,0,0,1.039508541,0,0,0,0,0
0,0,0,0,0,0,0,0,0,3.494802604,0,0,0,0,3.819043847,0
0.698970004,2.280321116,1.936657335,-0.397940009,0.477121255,2.494154594,2.48157339,0.124938736,0,0,0,0,0.301029996,3.611960219,3.680335513,0.176091259
0,0,0,0,0,0,3.884747764,0,0,0,0,0,0,3.819043847,0,0
0,0,0,0,0.301029996,1.539926896,0,0,0.301029996,0,2.135730515,-0.301029996,0,0,0,0
0,0.662948622,0,0,0,0,0,0,0,0,0,0,0,0,3.738438536,0
0,0,0,0,0,1.377528968,0,0,0,0,1.891357926,0,0,0,1.860820801,0
0,3.172705261,0,0,0,0,0,0,0,0,0,0,0,0,0,0
0,0,0,0,0,0,0,0,0,3.37161107,0,0,0,3.43085674,0,0
0,0,0,0,0,0,0,0,0.477121255,2.483795243,0,0.22184875,0,0,0,0
0,1.86694282,1.550303873,0.477121255,0,0,0,0,0,0,0,0,0,0,3.408333676,0
0,0,0,0,0,0,0,0,0,0,0,0,0.301029996,1.853002506,0,-0.301029996
0,0,0,0,0,0,3.565215595,0,0,0,0,0,0,0,0,0
0,1.302632224,0,0,0,2.697000693,0,0,0,0,0,0,0,0,0,0
0.301029996,2.612321523,0,-0.301029996,0,1.679272727,0,0,0,0,0,0,0,0,0,0
0,0,3.457329851,0,0,0,0,0,0,0,0,0,0,0,0,0
0,0,2.662948622,0,0,0,0.613859202,0,0,0,2.672452026,0,0,2.778278033,0,0
0,0,0,0,0.477121255,0,1.328445263,-0.477121255,0,0,0,0,0,0,0,0
0,0,0,0,0,0,0,0,0.301029996,2.340540083,0,-0.301029996,0,0,0,0
0,0,1.713483113,0.301029996,0,0,0,0,0,0,0,0,0,0,0,0
0,3.437634673,0,0.301029996,0,0,0,0,0,3.294782593,0,0,0,0,0,0
0,0,0,0,0,0,0,0,0,0,0,0,0,3.39624166,0,0
0,2.871675266,0,0,0.301029996,0,1.12352046,-0.301029996,0,2.626902714,3.11916598,0.301029996,0,0,0,0
0.301029996,0,2.413778589,-0.301029996,0,0,0,0,0,0,0,0,0,0,0,0
0,0,3.431117466,0,0,0,0,0,0,0,0,0,0,0,0,0
0.77815125,1.944138923,2.361649507,-0.176091259,0,0.882881597,1.289692674,0.301029996,0,0,0,0,0,0,0,0
0,0,0,0,0,0,0,0,0,0,0,0,0.301029996,3.378210151,0,0
0,0,0,0,0,0,0,0,0,2.356562505,0,0,0,1.423689445,0,0
0,0,0,0,0,0,0,0,0,3.295577571,0,0,0,0,0,0
0,0,3.431117466,0,0,0,0,0,0,0,0,0,0,0,0,0
0,0,0,0,0,0,0,0,0,0,0,0,0.301029996,3.372531098,0,-0.301029996
0,0,0,0,0,2.697000693,0,0,0,0,0,0,0,0,0,0
0.301029996,3.723687452,0,-0.301029996,0,0,0,0,0,0,0,0,0,1.738833456,2.000126783,0.477121255
0,0,0,0,0,0,1.919840821,0,0,0,0,0,0,0,1.00779218,0
0,0,0,0,0.301029996,0.96656935,0,-0.301029996,0,0,0,0,0,0,0,0
0,1.308816847,0,0,0,0,0,0,0,0,0,0,0,0,3.408333676,0
0,0,0,0,0,0,3.708656505,0,0,0,0,0,0,0,0,0
0,2.431117466,0,0,0,0,0,0,0,0,0,0,0,0,0,0
0,3.156222197,0,0,0,0,0,0,0,0,0,0,0,0,0,0
0,1.721352571,2.070687246,0.301029996,0,0,2.199857981,0,0,0,0,0,0.301029996,0,3.652875106,-0.301029996
0.477121255,3.133538908,3.610660163,-0.176091259,0,0,0,0,0,0,0,0,0,0,0,0
0,0,0,0,0,0,0,0,0,2.498643092,0,0,0,0,3.132866542,0
0,0,2.662948622,0,0,0,0,0,0,0,0,0,0,0,2.795010559,0
0,0,0,0,0,0,0,0,0.477121255,2.493980563,0,-0.477121255,0,0,0,0
0,3.431117466,0,0,0,0,1.440702968,0,0,0,0,0,0,0,0,0
0,3.473735257,0,0.301029996,0,1.377103406,0,0,0,0,0,0,0,0,0,0
0,1.869710545,0,0,0,0,0,0,0,0,0,0,0,0,0,0
0,0,0,0,0,0,0,0,0,0,0,0,0,3.233938144,0,0
0,0,0,0,0,0,0,0,0,0,0,0,0,2.931212421,0,0
0,1.287524805,0,0,0.301029996,3.322041753,0,0.176091259,0,0,0,0,0,0,0,0
0,0,0,0,0.301029996,3.948396119,0,0,0,0,0,0,0,1.636629534,1.355255232,0.84509804
0,0,0,0,0.301029996,2.232605528,0,-0.301029996,0,0,0,0,0,0,0,0
0,3.016042646,0,0,0,0,0,0,0,0,0,0,0,0,0,0
0,2.528027479,0,0,0,0,0.986022582,0,0,0,0,0,0,0,0,0
0,3.163475845,0,0,0,0,0,0,0,0,0,0,0,0,0,0
0,0,0,0,0,0,0,0,0,0,0,0,0,1.264490945,0,0
0,2.577559417,3.443817832,0.301029996,0,1.411991314,0,0,0,0,0,0,0,0,3.467251522,0
0,2.886308647,0,0,0,0,0,0,0,0,0,0,0,0,0,0
0.477121255,3.706398456,1.956800033,0.602059991,0,0,1.511326424,0,0,0,0,0,0,0,2.598900365,0
0,0,0,0,0.301029996,0,3.645503287,-0.301029996,0,0,1.895970176,0,0,0.715229327,1.99625523,0.477121255
0,0,0,0,0.301029996,2.328445263,2.018544199,0,0,0,0,0,0.301029996,2.869441271,3.43085674,0
0,0,0,0,0,0,0,0,0,2.630309287,0,0,0,0,0,0
0,0,0,0,0,0,0,0,0,3.626694535,0,0,0,0,0,0
0.301029996,3.163475845,0,0,0,0,0,0,0,0,0,0,0,0,0,0
0,1.609878481,0,0.301029996,0,0,0,0,0,0,0,0,0,0,0,0
0,0,0,0,0,3.139879086,0,0,0,0,0,0,0,0,0,0
0,2.203989694,0,0.301029996,0,0,0,0,0,0,0,0,0,0,0,0
0.602059991,1.39258929,0,0,0,0,0,0,0,0,0,0,0,0,0,0
0,0,1.654321962,0.477121255,0,0,2.697992072,0,0,0,0,0,0,0,0,0
0,0,0,0,0.477121255,0,0.573931255,-0.477121255,0,0,0,0,0,0,1.684700319,0
0,3.466522811,3.002089553,0.477121255,0,0,0,0,0,0,0,0,0,0,0,0
0,0,0,0,0,0,0,0,0,3.139879086,0,0,0,0,0,0
0,0,0,0,0.698970004,2.84924529,1.401770289,0,0,0,0,0,0,0,0,0
0,0,0,0,0.477121255,2.289526442,1.765875046,0,0,0,0,0,0,0,0,0
0.301029996,3.201377993,0,0,0,0,0,0,0,0,0,0,0,0,0,0
0,1.538717326,0,0,0,0,0,0,0,0,0,0,0,3.20267973,0,0
0,0,0,0,0,0,0,0,0,3.39707055,0,0,0,0,0,0
0,0,0,0,0,3.133538908,0,0,0,0,0,0,0,0,0,0
0.301029996,0,3.075925397,0.602059991,0,0,3.677623986,0.602059991,0,0,0,0,0,2.61809041,1.556289799,0.301029996
0,0,0,0,0,0,0,0,0,0,3.062857178,0,0,0,0,0
0,0,0,0,0,0,0,0,0,0,0,0,0.477121255,3.399658354,0,-0.176091259
0,1.538717326,0,0,0,0,1.937295156,0,0,0,0,0,0,0,0,0
0,1.232710295,1.403909661,0.477121255,0,0,0,0,0,0,0,0,0,0,0,0
0,0,0,0,0,0,2.750002705,0,0,0,0,0,0,0,0,0
0,0,0,0,0,0,0,0,0,3.39707055,0,0,0,0,0,0
0,0,0,0,0,0,0,0,0,0,0,0,0,1.179393895,0,0
0,0,0,0,0,0,0,0,0,0,0,0,0,2.919120406,0,0
0,2.118335892,0,0.477121255,0,0,0,0,0,0,0,0,0,0,0,0
0,0,0,0,0,0,0,0,0,1.282526555,0,0,0,0,1.210076309,0
0,2.714808585,0,0,0,0,0,0,0,0,0,0,0,1.651693276,0,0
0,0,0,0,0,0,0,0,0.301029996,1.504375305,0,-0.301029996,0,0,0,0
0,0,0,0,0,0,0,0,0,2.415136492,0,0,0,0,0,0
0,3.172705261,0,0,0,0,0,0,0,0,0,0,0,0,0,0
0,0,0,0,0,1.483780088,0,0.602059991,0,0,0,0,0,0,2.656417654,0
0,0,0,0,0,2.653800951,0,0,0,0,0,0,0,0,0,0
0,3.431117466,0,0,0,0,0,0,0,0,0,0,0,0,0,0
0,0,0,0,0,0,3.246125235,0,0,0,0,0,0,0,0,0
0,0,0,0,0,2.972786708,0,0,0,0,0,0,0,0,0,0
0,0,0,0,0,0,0,0,0,0,0,0,0,3.245512668,0,0
0,0.974060829,0,0,0,3.2588064,3.19723881,0.301029996,0,0,0,0,0,0,0,0
0,2.35193622,0,0,0,0,0,0,0.477121255,2.425288872,1.870416071,0.124938736,0,0,0,0
0,3.377469253,1.664063449,0.301029996,0,3.29666519,0,0,0,0,0,0,0,0,0,0
0,0,0,0,0,3.383745137,3.273816704,0.301029996,0,0,0,0,0,0,2.864044102,0
0,1.007238409,0,0,0,0,0,0,0,0,0,0,0,0,3.39707055,0
0,0,0,0,0,0,0,0,0,0,0,0,0,2.55114362,0,0
0,3.054680671,0,0,0,0,0,0,0,0,0,0,0,0,0,0
0,2.662948622,0,0,0,0,0,0,0,0,0,0,0,0,0,0
0,1.760566076,0,0,0,0,0,0,0,0,0,0,0,0,0,0
0.301029996,2.732147461,0,0,0,0,1.147555121,0,0,0,0,0,0,0,0,0
0,1.639550407,1.361158269,0.602059991,0,3.052576852,0,0,0,0,1.39312992,0.301029996,0.602059991,2.355677865,2.478029002,-0.124938737
0,0,0,0,0,0,3.779719583,0,0,0,0,0,0,0,0,0
0,0,0,0,0,0,0,0,0.301029996,0,3.01768135,-0.301029996,0,0,0,0
0,2.443817832,0,0,0,0,0,0,0,0,0,0,0,0,0,0
0,0,0,0,0,0,0,0,0,2.062953974,0,0,0,0,0,0
0,1.572411238,0,0,0,0,0,0,0,0,2.415136492,0,0,0,0,0
0,0,0,0,0,1.195396414,1.322481401,0.301029996,0.301029996,3.44667545,2.29307572,0,0,0,0,0
0,2.696444905,0,0,0,0,0,0,0,0,0,0,0,0,0,0
0,0,0,0,0,3.273816704,0,0,0,0,2.055143005,0,0,0,3.46263704,0
0,3.256956519,0,0.477121255,0,0,0,0,0,0,0,0,0,0,0,0
0,0,0,0,0,0,0,0,0.301029996,1.147964764,0,-0.301029996,0,0,0,0
0,0,0,0,0,0,0,0,0,0,0,0,0,3.129826745,0,0
0,1.729534744,0,0,0,0,0,0,0.301029996,0,3.093192983,-0.301029996,0,0,0,0
0,0,0,0,0,0,0,0,0,2.931339283,0,0,0,0,0,0
0,0,0,0,0.301029996,1.935759104,0,-0.301029996,0,0,0,0,0,1.207151756,2.06069784,0.301029996
0,0,0,0,0,0,0,0,0,0,0,0,0,2.919120406,0,0
0,0,0,0,0.602059991,1.289712702,1.887884157,-0.301029996,0,0,0,0,0,0,0,0
0,0,0,0,0,1.439002758,0.963604871,0.477121255,0,0,1.828676941,0,0,0,0,0
0,0,0,0,0,3.106596513,0,0,0,0,0,0,0,0,0,0
0.477121255,3.484111025,0,0.477121255,0,0,0,0,0,0,0,0,0,0,0,0
0,0,0,0,0,0,0,0,0,3.417994573,0,0,0,0,0,0
0,0,1.727309841,0.301029996,0,0,0,0,0,0,0,0,0,0,0,0
0.477121255,2.39258168,0,0.301029996,0.602059991,0,0.96604172,-0.602059991,0,0,3.138173761,0,0,0,2.440909082,0
0,0,0,0,0,0,0,0,0,0,0,0,0,3.465477829,0,0.301029996
0,1.636501757,0,0.301029996,0.301029996,2.375439037,3.601577299,0.176091259,0,0,3.82111795,0,0,0,0,0
0,3.390383061,0,0,0,0,0,0,0,0,0,0,0,0,0,0
0,3.169302314,0,0,0,1.416400433,1.500367916,0.301029996,0,0,3.42128792,0.301029996,0,0,0,0
0,1.807574477,0,0,0,0,0,0,0,0,0,0,0.301029996,3.603356414,0,0
0,0.885002789,0,0.301029996,0,0,2.74419297,0,0,0,0,0,0,0,0,0
0,0,0,0,0,1.149947934,0,0,0,0,0,0,0.301029996,0,2.204213693,-0.301029996
0,3.13008747,0,0,0,0,0,0,0,0,3.419721329,0,0,0,0,0
0,1.233696208,0,0,0,0,0,0,0,0,0,0,0,0,0.804625643,0
0,0,0,0,0,0,0,0,0,2.719095197,0,0.301029996,0,0,0,0
0,0,0,0,0,0,0,0,0,0,0,0,0,3.722095858,0,0.301029996
0.301029996,1.877630709,1.796403535,0.477121255,0,0,0,0,0,0,0,0,0,0,0,0
0,0,0,0,0,0,0,0,0,2.244519953,0,0.477121255,0,0,0,0
0,0,0,0,0,0,0,0,0,3.416402733,0,0,0,0,0,0
0,0,0,0,0,0,0,0,0,0,0,0,0,3.408333676,0,0
0,0,0,0,0,0,0,0,0,0,0,0,0,0,3.39707055,0
0,0,0,0,0,3.106596513,0,0,0,0,1.265265003,0,0,0,0,0
0,0,2.877148885,0,0,0,0,0,0,0,0,0,0,0,0,0
0,0,0,0,0,0,0,0,0,0,3.139879086,0,0,0,0,0
0,3.002089553,0,0.301029996,0,0,0,0,0,0,0,0,0,0,0,0
0,0,0,0,0,3.899978763,0,0.301029996,0,0,0,0,0,0,0,0
0,0,0,0,0,0,0,0,0,0.791887202,0,0,0,0,0,0
0,0,0,0,0,3.407626509,0,0,0,0,3.595812588,0,0,0,0,0
0,0,0,0,0,0,0,0,0,0,0,0,0,2.587575776,0,0
0,0,0,0,0,3.134810742,0,0,0,0,0,0,0,0,0,0
0,0,0,0,0,0,0,0,0,3.268157915,0,0,0,0,0,0
0,0,2.662948622,0,0,0,0,0,0,0,0,0,0,0,0,0
0,1.44257876,0,0,0,0,0,0,0,0.883980887,1.121405735,0.301029996,0,1.996287836,0,0
0,0,0,0,0,3.683814631,0,0.301029996,0,0,3.145645454,0,0,0,0,0
0.477121255,3.492525566,0,0.301029996,0,0,0,0,0,0,0,0,0,0,0,0
0,0,0,0,0,0,0,0,0,2.638251483,0,0,0,0,0,0
0,0,0,0,0,0,0,0,0,0,0,0,0,3.411049154,0,0
0.301029996,0,3.34404472,0.301029996,0,0,3.164283539,0,0,0,0,0,0,0,0,0
0,0,0,0,0,0,0,0,0,2.194930286,0,0,0,0,3.200960356,0
0,0,0,0,0,0,0,0,0,3.75816599,0,0.602059991,0,0.863299906,1.507966547,0.301029996
0,1.382574191,0,0,0,0,0,0,0,0,0,0,0,3.39707055,0,0
0,1.576108166,0,0.301029996,0,0,0,0,0,0,0,0,0,0,0,0
0,3.156222197,0,0,0,0,0,0,0,0,0,0,0,0,0,0
0.301029996,0,3.381899443,0.301029996,0,0,3.247563278,0,0,0,0,0,0.301029996,3.071889901,3.43085674,0
0,0,0,0,0,0,0,0,0,0,0,0,0.301029996,3.351845111,0,-0.301029996
0,1.731483549,0,0.301029996,0,1.179350021,1.59108011,0.477121255,0,0,0,0,0,0,0,0
0,1.287524805,0,0,0,3.608904325,0,0.477121255,0,0,0,0,0.301029996,2.230448921,2.602186774,0
0,1.550303873,0,0,0,3.130922206,3.407626509,0.301029996,0,0,0,0,0,0,1.538762138,0
0,1.684288691,0,0.301029996,0,0,0,0,0,2.802680574,2.769551079,0.477121255,0,1.593410882,1.556381525,0.477121255
0,0,1.612154153,0,0,0,1.628839787,0.301029996,0,0,2.214283086,0.301029996,0,1.996840373,2.391327195,0.477121255
0,0,0,0,0,0,0,0,0.301029996,3.115372737,0,-0.301029996,0,0,0,0
0,2.68635459,0,0,0,0,0,0,0,0,0,0,0,0,0,0
0,2.662948622,0,0,0,1.109489122,0,0.301029996,0,0,0,0,0,0,0,0
0.301029996,2.892803841,0,0.301029996,0,0,0,0,0,0,3.191428044,0,0,0,0,0
0,0,1.243596745,0,0,0,0,0,0,0,1.237877741,0,0,0,1.195328293,0
0,1.012846369,0,0,0,0,0,0,0,0,0,0,0,0,0,0
0.477121255,1.060829865,2.252263471,0.477121255,0,3.395970697,3.246125235,0.301029996,0,0,0,0,0,0,0,0
0,3.17356616,0,0,0,0,0,0,0,0,0,0,0,0,0,0
0,0,1.512150935,0.301029996,0,0,1.694068377,0.477121255,0,0,0,0,0,3.588271707,0,0.301029996
0,0,0,0,0,0,0,0,0,0,0,0,0,3.726852159,0,0.477121255
0,3.317072642,0,0,0,3.395970697,0,0,0,1.386145287,0,0,0,0,0,0
0,0,0,0,0,0,0,0,0,0,3.09653569,0,0,0,2.161607044,0
0,3.153788186,0,0,0,0,0,0,0,0,0,0,0,0,0,0
0,0,0,0,0,0,0,0,0,0,0,0,0,3.198522983,0,0
0,0,0,0,0,0,0,0,0.602059991,2.041683143,1.757438144,-0.301029996,0,0,0,0
0.477121255,3.369930013,0,0.477121255,0,0,0,0,0,0,0,0,0,0,0,0
0,0,0,0,0.301029996,1.792388061,0,-0.301029996,0,0,0,0,0,0,0,0
0,0,0,0,0,0,0,0,0.301029996,1.316341682,0,-0.301029996,0,0,0,0
0,1.609502466,0,0,0,0,0,0,0,0,1.830447556,0,0,2.383220573,0,0.477121255
0,0,0,0,0,0,0,0,0,1.942600074,0,0,0,0,0,0
0,0,0,0,0,0,0,0,0,1.465326533,0,0,0,0,0,0
0.602059991,2.503848713,0,0.477121255,0,0,0,0,0,0,0,0,0,0,0,0
0,1.855953265,-0.362599181,0.602059991,0,0,0,0,0,0,0,0,0,0,1.521842951,0
0,0,0,0,0,1.279631851,0,0,0,0,0,0,0,0,3.29666519,0
0,0,0,0,0,3.407626509,0,0,0,0,0,0,0,0,0,0
0,2.528027479,0,0,0,0,0,0,0,0,0,0,0,0,2.931212421,0
0,0,0,0,0,0,0,0,0,0,0,0,0,0,3.137300608,0
0,0,2.714808585,0,0,0,0,0,0,0,0,0,0,0,0,0
0.301029996,2.662948622,0,0,0,0,0,0,0,2.155995234,0,0.301029996,0,0,0,0
0,3.178180812,0,0.301029996,0,0,0,0,0,0,1.506816293,0.301029996,0,0,0,0
0.477121255,1.759858635,0,0,0,0,3.779719583,0,0.477121255,2.420195976,3.09637773,-0.176091259,0,0,0,0
0,3.354951275,0,0,0,0,0,0,0,0,0,0,0,0,0,0
0,0,0,0,0,0,0,0,0,0,0.799712539,0,0,0,0,0
0,0,1.755974878,0,0,0,0,0,0,0,0,0,0,3.380087933,0,0.301029996
0,1.471174331,0,0.477121255,0,0,0,0,0,0,0,0,0,0,0,0
0,0,0,0,0,0,0,0,0,2.969554195,0,0,0,0,0,0
0,0,0,0,0,0,0,0,0.301029996,3.315926935,0,-0.301029996,0,0,0,0
0,1.511313245,1.534726204,0.477121255,0,0,0,0,0,0,0,0,0,0,0.957487061,0
0,1.40632066,0,0,0,0,0,0,0,0,0,0,0,0,0,0
0.698970004,1.95538735,1.495451538,0.698970004,0.301029996,0,2.534250485,0,0,0,1.738039178,0,0,0,3.400304733,0
0,1.40632066,0,0,0,3.395970697,0,0,0,0,0,0,0,0,3.39707055,0
0.477121255,3.277940796,2.319721451,0.602059991,0,0,0,0,0,1.274605029,1.902685695,0.477121255,0,0,0,0
0,0,0,0,0,0,0,0,0,0,0,0,0.477121255,2.433896538,0,-0.477121255
0,0,0,0,0,0,0,0,0,0,0,0,0,3.39624166,0,0
0,0,0,0,0,0,0,0,0.301029996,1.935632417,0,0,0,0,0,0
0,0,0,0,0.301029996,2.901612309,0,-0.301029996,0,0,0,0,0.301029996,2.641923443,2.534207478,0
0,0,0,0,0,0,0,0,0,3.27151557,0,0.301029996,0,0,0,0
0,0,0,0,0,0,0,0,0.477121255,1.346298254,0,-0.477121255,0,0,0,0
0,0,0,0,0,0,0,0,0,1.813206994,0,-0.698970004,0,0,2.710338155,0
0,0,0,0,0,0,3.686636269,0,0,0,0,0,0.301029996,1.377736623,1.899789642,0.397940009
0,0,0,0,0,0,0,0,0,3.115372737,0,0,0,0,0,0
0,0,0,0,0,1.182674822,1.016138129,0.477121255,0,0,1.864392493,0,0,3.39624166,0,0
0,0,0,0,0,0,0,0,0,0,0,0,0,2.931212421,0,0
0,0,0,0,0,0,2.267071715,0,0.301029996,1.400289398,2.179536504,0,0,0,3.680335513,0
0,0,0,0,0,0,0,0,0,2.239045233,0,0,0,0,0,0
0,3.390383061,0,0,0,0,0,0,0,0,0,0,0,0,0,0
0.477121255,2.067180324,0,0.477121255,0,0,1.636265161,0,0,0,0,0,0,0,3.372919897,0
0,0,0,0,0.477121255,2.201757531,0,-0.477121255,0,0,0,0,0,0,0,0
0,0,0,0,0,0,0,0,0,0,0,0,0,1.786058869,1.430248991,0.301029996
0,0,0,0,0,0,0,0,0,1.352843926,0,0,0,0,0,0
0,0,0,0,0,0,0,0,0,0,0,0,0,1.336451669,0,0
0.301029996,2.431117466,0,0,0,0,0,0,0,0,0,0,0,0,0,0
0.477121255,0,2.424714989,0.477121255,0,0,0.718887105,0,0,0,0.899329838,0,0,0,0,0
0.477121255,3.118442115,0,0.301029996,0,0,0,0,0,0,0,0,0,0,0,0
0,0,0,0,0,0,0,0,0,0,0,0,0,2.448755123,0,0
0.77815125,2.007596679,0,0.301029996,0.602059991,0,2.085407214,-0.602059991,0,0,0,0,0,0,0,0
0.301029996,2.515321798,0,0,0,0,0,0,0,3.295577571,0,0,0,0,3.29666519,0
0.301029996,2.019595556,0,0,0,0,0,0,0,1.733242878,3.100703083,0.301029996,0,0,0.931469418,0
0,0,0,0,0,0,0,0,0,3.39707055,0,0,0,0,0,0
0,0,0,0,0,2.495665454,0,0,0,0,0,0,0,0,0,0
0,3.098997634,0,0,0,0,0,0,0,0,0,0,0,0,0,0
0,1.815237642,2.067370562,0.698970004,0,0,1.892935407,0.698970004,0.602059991,0,2.443501158,-0.301029996,0.301029996,0,3.599555013,0.301029996
0,1.380258318,0.938667854,0.698970004,0.301029996,2.996987429,3.313893518,0.397940009,0,0,0,0,0,0,2.324387251,0
0,0,0,0,0,0,0,0,0,0,0,0,0,1.220812955,0,0
0,0.699160795,0,0,0,0,0,0,0,0,1.734599933,0,0,3.68136802,0,0
0,0,0,0,0,0,0,0,0,0,0,0,0,3.465477829,0,0.301029996
0,1.283444821,0,0,0,0,0,0,0,0,1.570995747,0,0,3.079308029,0,0
0,0,0,0,0,0,0,0,0,2.318226479,0,0,0,0,0,0
0,2.714808585,0,0,0,0,0,0,0,0,0,0,0,0,0,0
0.301029996,2.261202103,0,0,0,0,0,0,0,0,0,0,0,0,0,0
0.301029996,2.839951387,0,0,0,0,1.424752531,0,0,0,0,0,0,0,0,0
0.301029996,2.100110595,0,0.477121255,0,0,3.623207543,0,0,1.54023319,2.245394051,0.477121255,0.301029996,0,2.416027607,0.176091259
0,0,0,0,0,0,0,0,0,0,0,0,0,3.313343534,0,0.301029996
0,1.200668544,0,0,0,0,0,0,0,0,0,0,0,0,0,0
0,1.260907229,0,0,0,0,0,0,0,0,0,0,0,0,3.411049154,0
0.301029996,3.17356616,0,0,0,0,0,0,0,0,0,0,0,0,3.503709726,0
0.301029996,3.443817832,0,0,0,0,0,0,0,0,0,0,0,0,0,0
0.301029996,3.294685687,0,0.301029996,0,1.759308529,0,0.301029996,0,0,0,0,0,0,0,0
0,0,0,0,0,0,0,0,0,0,0,0,0,1.90904539,0,0.301029996
0,0,0,0,0,0,0,0,0.301029996,3.115372737,0,-0.301029996,0.301029996,0,2.933927899,-0.301029996
0,1.112748594,0,0,0,2.930505254,0,0,0,0,0,0,0,0,0,0
0,0,0,0,0.477121255,1.539884473,0,-0.477121255,0.301029996,2.072061435,1.863266542,0,0.301029996,0,2.806273685,-0.301029996
0,0,0,0,0,0,3.755293519,0,0,0,2.613805237,0.301029996,0,0,0,0
0,2.000668949,0,0.602059991,0.698970004,1.872963187,3.592380016,-0.096910013,0,0,1.742378751,0,0,0,0,0
0,3.098997634,3.441099873,0.301029996,0,0,0,0,0,0,0,0,0,0,0,0
0.477121255,2.788715852,0,0,0,0,0,0,0,0,0,0,0,0,0,0
0,0,0,0,0,0,0,0,0,0,0,0,0,3.39624166,0,0
0,0,0,0,0,0,0,0,0,2.172098444,0,0,0,0,0,0
0,1.265848754,0,0,0,0,0,0,0,0,0,0,0,0,0,0
0,0,0,0,0,0,0,0,0,0,0,0,0,3.198522983,0,0
0,0,0,0,0,0,0,0,0,0,0,0,0,3.200960356,0,0
0,3.284248655,0,0,0,0,0,0,0,0,0,0,0,0,0,0
0,1.024668891,0,0,0,0,0,0,0,0,0,0,0,2.264921119,0,0
0,2.987384586,0,0,0,0,0,0,0.301029996,0,1.172098444,-0.301029996,0,0,0,0
0,0,1.405857174,0,0,0,0,0,0,0,2.158683597,0,0,0,1.380450283,0
0.602059991,0,1.298001766,0.301029996,0,0,3.663058042,0.477121255,0,0,0,0,0.301029996,0,3.592247205,0.397940009
0.84509804,3.10075063,0,0.602059991,0.602059991,1.916335566,2.268623555,-0.124938737,0,0,2.348567795,0.301029996,0,0,3.912356826,0.301029996
0,1.241870057,0,0,0,0,0,0,0,0,0,0,0,0,0,0
0,1.569393438,0,0.477121255,0,0,0,0,0,3.10720997,3.115372737,0.301029996,0,0,2.02188307,0
0,1.589347155,0,0,0,0,0,0,0,0,0,0,0,0,0,0
0.698970004,3.658740566,1.573254515,0.77815125,0,0,0,0,0,0,0,0,0.602059991,1.821848821,1.347142396,-0.301029996
0.477121255,2.162272784,1.108233043,0.602059991,0,0,0,0,0,0,0,0,0,0,0,0
0,2.781874999,0,0,0,0,0,0,0,0,1.237866754,0,0,0,3.216983856,0
0,2.692181059,0,0,0,0,0,0,0,0,0,0,0,0,0,0
0,2.855192201,0,0,0,0,0,0,0,0,0,0,0,0,0,0
0,0.915468036,0,0,0,0,0,0,0,0,0,0,0,0,3.139879086,0
0,0,0,0,0,1.422800152,0,0.301029996,0,0,0,0,0,0,0,0
0,0,0,0,0,0,0,0,0,3.315926935,0,0,0,0,0,0
0,1.502040704,0,0.698970004,0,0,1.771102622,0.301029996,0,0,0,0,0,0,0,0
0.301029996,3.163475845,0,0,0,0,3.001568332,0,0,0,0,0,0,3.372531098,0,0
0,0,0,0,0,0.605894042,0,0,0.301029996,2.569386076,2.258925929,0,0,0,0,0
0,0,0,0,0,0,0,0,0,0,0,0,0,3.408333676,3.064697031,0.301029996
0,0,0,0,0,0,0,0,0,0,0,0,0,3.200074488,0,0
0,3.169302314,0,0,0,0,0,0,0,0,0,0,0,0,0,0
0,0,0,0,0,0,0,0,0,2.919949295,0,0,0,0,0,0
0.477121255,2.547596193,0,0,0,3.792039671,0,0.602059991,0,0,0,0,0,0,0,0
0,0,0,0,0.477121255,0,2.997704661,0.301029996,0,0,0,0,0,0,0,0
0,0.892171758,0,0,0,0,0,0,0,0,0,0,0,0,3.064697031,0
0,0,0,0,0,0,0,0,0,0,0,0,0,2.919120406,0,0
0,0,0,0,0,0,0,0,0,0,0,0,0,2.086114381,0,0
0,0,0,0,0,0,0,0,0,0,3.315926935,0,0,0,0,0
0,0,0,0,0,3.417693817,0,0.301029996,0,0,0,0,0,0,0,0
0,0,0,0,0,0,0,0,0,1.846627757,0,0.301029996,0,0,0,0
0,0,3.355710667,0,0,0,0,0,0,0,0,0,0,0,0,0
0,0,0,0,0.301029996,2.035490976,1.89050086,0.301029996,0.602059991,2.063516897,2.340003641,0.243038049,0,0,0,0
0,0,0,0,0,0,0,0,0,3.118691333,0,0,0,0,0,0
0,3.201377993,0,0,0,0,0,0,0,0,0,0,0,0,0,0
0,0,0,0,0,0,0,0,0,0,0,0,0,2.282298308,0,0
0,0,2.719216157,0.301029996,0,0,0.668646009,0,0,0,1.606694843,0,0,0,0,0
0.477121255,2.094579563,0,0,0,0,0,0,0,0,0,0,0,0,0,0
0,0,0,0,0,0,0,0,0,2.318226479,0,0,0,0,0,0
0,0,0,0,0,0,0,0,0.301029996,0,3.01768135,-0.301029996,0,0,0,0
0,2.205067409,0,0,0.301029996,3.557673106,0,0.301029996,0,0,0,0,0,0,0,0
0,0,0,0,0,0,0,0,0.301029996,2.675943999,0,0,0,0,0,0
0,3.108157396,0,0,0,0,0,0,0,0,0,0,0,0,0,0
0,0,0,0,0,0,0,0,0,3.115372737,0,0,0,0,0,0
0,0,0,0,0,0,0,0,0.301029996,0,2.361684426,-0.301029996,0,0,3.133538908,0
0,0,0,0,0.477121255,1.544303649,3.006015373,0.301029996,0,1.854982224,0,0,0,0,0,0
0,0,0,0,0,0,0,0,0,0,0,0,0,3.592398835,0,0.301029996
0,0,0,0,0,0,0,0,0,2.69351758,0,0,0,0,0,0
0,0,0,0,0,0,0,0,0,3.414484116,0,0,0,0,1.241016341,0
0,0,0,0,0,0,0,0,0,0,3.741403917,0,0,2.017365201,0,0.301029996
0,0,1.403554652,0,0.301029996,0,2.335042188,0,0,0,0,0,0,0,0,0
0,0,0,0,0.602059991,1.942262647,0,0.477121255,0.301029996,2.260607169,1.463752063,0.176091259,0,0,0,0
0,0,0,0,0,0,0,0,0,1.606694843,0,0.301029996,0,1.573125544,0,0
0,0,0,0,0.301029996,1.907204199,0,0,0,0,0,0,0,0,0,0
0,0,0,0,0,3.395970697,0,0,0,0,0,0,0,0,0,0
0,3.098997634,0,0,0,0,0,0,0,0,0,0,0,0,0,0
0,0,0,0,0,0,0,0,0,2.931339283,0,0,0,0,0,0
0,3.089745848,0,0,0,0,3.305544385,0,0,0,0,0,0,0,0,0
0,1.526872307,1.305383671,0.477121255,0,0,1.243273653,0,0,1.352843926,1.019305155,0.301029996,0,0,3.734421719,0.301029996
0,0,0,0,0,0,1.57362128,0,0,0,1.972563298,0,0,0,0,0
0.301029996,3.016042646,0,0,0,0,0,0,0,0,0,0,0,0,0,0
0,0,0,0,0.301029996,2.315844023,0,0.602059991,0,0,0,0,0,0,0,0
0.301029996,3.110345284,2.966696578,0.477121255,0.698970004,2.563836948,1.694206215,0.77815125,0.477121255,1.628276717,0,-0.477121255,0,0,0,0
0,0,0,0,0,0,0,0,0,0,0,0,0,1.517098716,1.502630504,0.301029996
0,0,0,0,0,0,0,0,0,2.439623152,1.610319379,0.602059991,0,0,3.788051478,0.301029996
