1,2,3,4,5,6,7,8,9,10,11,12,13,14,15,16,17,18,19,20,21,22,23,24,25,26,27,28,29,30,31,32,33,34,35,36,37,38,39,40,41,42,43,44,45,46,47,48,49,50,51,52,53,54,55,56,57,58,59,60,61,62,63,64,65,66,67,68,69,70,71,72,73,74,75,76,77,78,79,80,81,82,83,84,85,86,87,88,89,90,91,92,93,94,95,96,97,98,99,100,101,102,103,104,105,106,107,108,109,110,111,112,113,114,115,116,117,118,119,120,121,122,123,124,125,126,127,128,129,130,131,132,133,134,135,136,137,138,139,140,141,142,143,144,145,146,147,148,149,150,151,152,153,154,155,156,157,158,159,160,161,162,163,164,165,166,167,168,169,170,171,172,173,174,175,176,177,178,179,180,181,182,183,184,185,186,187,188,189,190,191,192,193,194,195,196,197,198,199,200,201,202,203,204,205,206,207,208,209,210,211,212,213,214,215,216,217,218,219,220,221,222,223,224,225,226,227,228,229,230,231,232,233,234,235,236,237,238,239,240,241,242,243,244,245,246,247,248,249,250,251,252,253,254,255,256,257,258,259,260,261,262,263,264,265,266,267,268,269,270,271,272,273,274,275,276
0.000764128,0,0.000556458,0.000536144,0.000666382,0.000489405,0.000260416,0.000442493,0.000549997,0,0,0.000479019,0.000532465,0,0.000645698,0.620160518,0.00028282,0.00040297,0.000660326,0.000585048,0.000633207,0,0.000383563,0,0.000642237,0.000520831,0.000479019,0.000260416,0,0,0,0.000260416,0.000645698,0.000559583,0,0,0,0.000100743,0.000233917,0,0.000543236,0,0,0,0.000361158,0,0.000201485,0,0,0,0,0,0.000201485,0,0,0.000159673,0.000100743,0,0,0,0,0,0.000100743,0,0,0,0,0,0,0.00154745,0.001001066,0.000926457,0.00106799,0.001409858,0.001162857,0.000320264,0.210407188,0.000873307,0.000202064,0,0.001250742,0.00094979,0,0.001254708,0.000991507,0.00076933,0.000747726,0.001258621,0.001212385,0.001330585,0,0.000606193,0.001060418,0.001193571,0.000991507,0.001075371,0.000469178,0.000320264,0,0,0.000320264,0.001075371,0,0,0,0,0,0,0,0.001010321,0.000522328,0,0,0.178393531,0,0.000469178,0,0,0.000320264,0,0,0.000469178,0,0,0.000469178,0.000202064,0,0,0,0,0,0,0,0,0.000202064,0,0,0,0.000380327,0.000205558,0.000307169,0.000275322,0.000349161,0.000205558,5.14E-05,0.096862785,0.000259229,0.000235619,0,0.000259229,0.000292943,0,0.169616257,0.000261442,0.000200773,8.15E-05,0.000301039,0.000282223,0.000316032,5.14E-05,0.000190164,0.000238645,0.000320096,0.000254593,0.157126637,0.00013284,5.14E-05,0,0.000238645,0.000102779,0.000290035,0,0.000170712,0.000119323,0,0,0,0,0.000225719,0,0,0,0.080509979,0,0.000102779,0,0,0,0,0,0,0,0,0.000119323,8.15E-05,0,0,0,0,0,0,0,0,0,0,0,0,0,0,0,0,0,0,0,0,0,0,0,0,0,0,0,0,0,0,0,0,0,0,0,0,0,0,0,0,0,0,0,0,0,0,0,0,0,0,0,0,0,0,0,0,0,0,0,0,0,0,0,0,0,0,0,0,0,0,0,0,0,0,0,0,0,0,0,0,0
0.000424516,0,0.000309143,0.000297858,0.000370212,0.000271892,0.000144675,0.000245829,0.000305554,0,0,0.000266122,0.000295814,0,0.000358721,0.310114678,0.000157122,0.000223872,0.000366848,0.000325026,0.000351782,0,0.00021309,0,0.250115823,0.000289351,0.000266122,0.000144675,0,0,0,0.000144675,0.000358721,0.062486795,0,0,0,5.60E-05,0.000129954,0,0.000301798,0,0,0,0.000200643,0,0.000111936,0,0,0,0,0,0.000111936,0,0,8.87E-05,5.60E-05,0,0,0,0,0,5.60E-05,0,0,0,0,0,0,0.775659415,0.001251332,0.001158071,0.001334988,0.001762323,0.001453571,0.00040033,0.000873784,0.001091634,0.00025258,0,0.001563427,0.001187238,0,0.001568385,0.001239384,0.000961663,0.000934658,0.001573276,0.001515481,0.001663231,0,0.000757741,0.001325523,0.001491964,0.001239384,0.001344214,0.000586473,0.00040033,0,0,0.00040033,0.001344214,0,0,0,0,0,0,0,0.001262901,0.00065291,0,0,0.001109413,0,0.000586473,0,0,0.00040033,0,0,0.000586473,0,0,0.000586473,0.00025258,0,0,0,0,0,0,0,0,0.00025258,0,0,0,0,0,0,0,0,0,0,0,0,0,0,0,0,0,0,0,0,0,0,0,0,0,0,0,0,0,0,0,0,0,0,0,0,0,0,0,0,0,0,0,0,0,0,0,0,0,0,0,0,0,0,0,0,0,0,0,0,0,0,0,0,0,0,0,0,0,0,0,0,0.376931618,0.000446344,0.000548077,0.000650839,0.000917158,0.000362211,0,0.000387067,0.000446344,0.00076212,0.000129022,0.000667035,0.000661792,0,0.000677099,0.000656396,0.000333518,0.000204495,0.000695729,0.000708571,0.000620256,0.000204495,0.000408991,0.000724423,0.230721753,0.000599161,0.000656396,0,0,0,0.000591562,0,0.000815669,0,0.000362211,0.000428603,0.000362211,0,0.000129022,0,0.000606461,0.000387067,0.000258045,0,0.000428603,0,0.00029958,0,0.000204495,0,0,0,0,0,0.000204495,0.000204495,0,0.000204495,0,0,0,0.000129022,0,0,0,0,0,0,0
0.007641282,0,0.005564575,0.005361444,0.006663825,0.004894052,0.002604156,0.004424931,0.005499969,0,0,0.004790193,0.005324647,0,0.006456981,0.00619541,0.0028282,0.004029701,0.666929008,0.005850475,0.006332072,0,0.003835625,0,0.006422375,0.005208312,0.004790193,0.002604156,0,0,0,0.002604156,0.006456981,0.005595832,0,0,0,0.001007425,0.002339169,0,0.005432356,0,0,0,0.003611581,0,0.00201485,0,0,0,0,0,0.00201485,0,0,0.001596731,0.001007425,0,0,0,0,0,0.001007425,0,0,0,0,0,0,0.001934313,0.001251332,0.001158071,0.001334988,0.001762323,0.001453571,0.00040033,0.000873784,0.001091634,0.00025258,0,0.001563427,0.001187238,0,0.001568385,0.496992789,0.000961663,0.000934658,0.001573276,0.001515481,0.001663231,0,0.000757741,0.001325523,0.001491964,0.001239384,0.001344214,0.000586473,0.00040033,0,0,0.00040033,0.001344214,0,0,0,0,0,0,0,0.001262901,0.00065291,0,0,0.001109413,0,0.000586473,0,0,0.00040033,0,0,0.000586473,0,0,0.000586473,0.00025258,0,0,0,0,0,0,0,0,0.00025258,0,0,0,0,0,0,0,0,0,0,0,0,0,0,0,0,0,0,0,0,0,0,0,0,0,0,0,0,0,0,0,0,0,0,0,0,0,0,0,0,0,0,0,0,0,0,0,0,0,0,0,0,0,0,0,0,0,0,0,0,0,0,0,0,0,0,0,0,0,0,0,0,0,0,0,0,0,0,0,0,0,0,0,0,0,0,0,0,0,0,0,0,0,0,0,0,0,0,0,0,0,0,0,0,0,0,0,0,0,0,0,0,0,0,0,0,0,0,0,0,0,0,0,0,0,0,0,0,0,0,0,0,0,0,0,0,0,0,0,0,0
0.130647282,0,0.054424259,0.065514231,0.097681921,0.000119367,6.35E-05,0.000107925,0.000134146,0,0,0.000116834,0.000129869,0,0.000157487,0.090815641,6.90E-05,9.83E-05,0.000161055,0.000142695,0.000154441,0,9.36E-05,0,0.04714963,0.076346237,0.000116834,6.35E-05,0,0,0,6.35E-05,0.000157487,0.05472997,0,0,0,2.46E-05,5.71E-05,0,0.000132496,0,0,0,8.81E-05,0,4.91E-05,0,0,0,0,0,4.91E-05,0,0,3.89E-05,2.46E-05,0,0,0,0,0,2.46E-05,0,0,0,0,0,0,0.238664435,0.000385025,0.000356329,0.000410766,0.000542253,0.000447253,0.000123179,0.000268857,0.000335887,7.77E-05,0,0.000481055,0.000365304,0,0.00048258,0.229190613,0.000295896,0.000287587,0.000484085,0.000466302,0.000511763,0,0.000233151,0.000407853,0.138178795,0.000381349,0.000413604,0.000180453,0.000123179,0,0,0.000123179,0.000413604,0,0,0,0,0,0,0,0.000388585,0.000200896,0,0,0.000341358,0,0.000180453,0,0,0.000123179,0,0,0.000180453,0,0,0.000180453,7.77E-05,0,0,0,0,0,0,0,0,7.77E-05,0,0,0,0.000633879,0.000342596,0.000511949,0.275780598,0.000581936,0.000342596,8.56E-05,0.000402588,0.000432048,0.000392698,0,0.000432048,0.000488238,0,0.000470372,0.261877728,0.000334622,0.000135751,0.000501731,0.000470372,0.00052672,8.56E-05,0.000316939,0.000397742,0.000533493,0.000424322,0.000435737,0.0002214,8.56E-05,0,0.000397742,0.000171298,0.000483391,0,0.00028452,0.000198871,0,0,0,0,0.000376198,0,0,0,0.000334622,0,0.000171298,0,0,0,0,0,0,0,0,0.000198871,0.000135751,0,0,0,0,0,0,0,0,0,0,0,0,0,0,0,0,0,0,0,0,0,0,0,0,0,0,0,0,0,0,0,0,0,0,0,0,0,0,0,0,0,0,0,0,0,0,0,0,0,0,0,0,0,0,0,0,0,0,0,0,0,0,0,0,0,0,0,0,0,0,0,0,0,0,0,0,0,0,0,0,0
0.001273547,0,0.000927429,0.000893574,0.001110637,0.000815675,0.000434026,0.000737488,0.000916661,0,0,0.000798366,0.000887441,0,0.001076164,0.620573545,0.000471367,0.000671617,0.001100543,0.000975079,0.001055345,0,0.000639271,0,0.001070396,0.000868052,0.000798366,0.000434026,0,0,0,0.000434026,0.001076164,0.000932639,0,0,0,0.000167904,0.000389861,0,0.000905393,0,0,0,0.00060193,0,0.000335808,0,0,0,0,0,0.000335808,0,0,0.000266122,0.000167904,0,0,0,0,0,0.000167904,0,0,0,0,0,0,0,0,0,0,0,0,0,0,0,0,0,0,0,0,0,0,0,0,0,0,0,0,0,0,0,0,0,0,0,0,0,0,0,0,0,0,0,0,0,0,0,0,0,0,0,0,0,0,0,0,0,0,0,0,0,0,0,0,0,0,0,0,0,0,0,0,0,0,0,0,0,0,0,0,0,0,0,0,0,0,0,0,0,0,0,0,0,0,0,0,0,0,0,0,0,0,0,0,0,0,0,0,0,0,0,0,0,0,0,0,0,0,0,0,0,0,0,0,0,0,0,0,0,0,0,0,0,0,0,0,0,0,0,0,0,0,0,0,0.001253305,0.000595125,0.00073077,0.000867786,0.001222877,0.000482948,0,0.000516089,0.000595125,0.001016161,0.00017203,0.000889381,0.000882389,0,0.000902799,0.525991978,0.00044469,0.000272661,0.000927639,0.000944762,0.000827008,0.000272661,0.000545321,0.000965897,0.000767155,0.000798881,0.000875195,0,0,0,0.00078875,0,0.001087559,0,0.000482948,0.00057147,0.000482948,0,0.00017203,0,0.000808615,0.000516089,0.000344059,0,0.00057147,0,0.000399441,0,0.000272661,0,0,0,0,0,0.000272661,0.000272661,0,0.000272661,0,0,0,0.00017203,0,0,0,0,0,0,0
0,0,0,0,0,0,0,0,0,0,0,0,0,0,0,0,0,0,0,0,0,0,0,0,0,0,0,0,0,0,0,0,0,0,0,0,0,0,0,0,0,0,0,0,0,0,0,0,0,0,0,0,0,0,0,0,0,0,0,0,0,0,0,0,0,0,0,0,0,0.001934313,0.001251332,0.001158071,0.001334988,0.001762323,0.001453571,0.00040033,0.000873784,0.001091634,0.00025258,0,0.001563427,0.001187238,0,0.001568385,0.373054438,0.000961663,0.000934658,0.001573276,0.153063614,0.001663231,0,0.000757741,0.001325523,0.001491964,0.001239384,0.001344214,0.000586473,0.00040033,0,0,0.00040033,0.001344214,0,0,0,0,0,0,0,0.001262901,0.00065291,0,0,0.001109413,0,0.000586473,0,0,0.00040033,0,0,0.000586473,0,0,0.000586473,0.00025258,0,0,0,0,0,0,0,0,0.00025258,0,0,0,0.003803272,0.002055579,0.003071692,0.002753217,0.003491614,0.002055579,0.000513895,0.002415531,0.002592287,0.002356188,0,0.002592287,0.002929425,0,0.002822234,0.00261442,0.00200773,0.000814504,0.304048892,0.285045624,0.003160322,0.000513895,0.001901636,0.002386453,0.003200957,0.002545935,0.00261442,0.001328398,0.000513895,0,0.002386453,0.001027789,0.002900347,0,0.001707121,0.001193226,0,0,0,0,0.002257188,0,0,0,0.00200773,0,0.001027789,0,0,0,0,0,0,0,0,0.001193226,0.000814504,0,0,0,0,0,0,0,0,0,0,0,0,0,0,0,0,0,0,0,0,0,0,0,0,0,0,0,0,0,0,0,0,0,0,0,0,0,0,0,0,0,0,0,0,0,0,0,0,0,0,0,0,0,0,0,0,0,0,0,0,0,0,0,0,0,0,0,0,0,0,0,0,0,0,0,0,0,0,0,0,0
0,0,0,0,0,0,0,0,0,0,0,0,0,0,0,0,0,0,0,0,0,0,0,0,0,0,0,0,0,0,0,0,0,0,0,0,0,0,0,0,0,0,0,0,0,0,0,0,0,0,0,0,0,0,0,0,0,0,0,0,0,0,0,0,0,0,0,0,0,0.001934313,0.001251332,0.001158071,0.001334988,0.001762323,0.001453571,0.00040033,0.000873784,0.001091634,0.00025258,0,0.001563427,0.001187238,0,0.001568385,0.496992789,0.000961663,0.000934658,0.001573276,0.001515481,0.001663231,0,0.000757741,0.001325523,0.001491964,0.001239384,0.001344214,0.000586473,0.00040033,0,0,0.00040033,0.001344214,0,0,0,0,0,0,0,0.001262901,0.00065291,0,0,0.001109413,0,0.000586473,0,0,0.00040033,0,0,0.000586473,0,0,0.000586473,0.00025258,0,0,0,0,0,0,0,0,0.00025258,0,0,0,0,0,0,0,0,0,0,0,0,0,0,0,0,0,0,0,0,0,0,0,0,0,0,0,0,0,0,0,0,0,0,0,0,0,0,0,0,0,0,0,0,0,0,0,0,0,0,0,0,0,0,0,0,0,0,0,0,0,0,0,0,0,0,0,0,0,0,0,0,0,0,0,0,0,0,0,0,0,0,0,0,0,0,0,0,0,0,0,0,0,0,0,0,0,0,0,0,0,0,0,0,0,0,0,0,0,0,0,0,0,0,0,0,0,0,0,0,0,0,0,0,0,0,0,0,0,0,0,0,0,0,0,0,0,0,0,0,0
0.437736286,0,0.000794939,0.000765921,0.000951975,0.00069915,0.000372022,0.000632133,0.00078571,0,0,0.000684313,0.000760664,0,0.000922426,0.177896766,0.000404029,0.000575672,0.000943323,0.000835782,0.000904582,0,0.000547946,0,0.000917482,0.000744045,0.069115644,0.000372022,0,0,0,0.000372022,0.000922426,0.000799405,0,0,0,0.000143918,0.000334167,0,0.000776051,0,0,0,0.00051594,0,0.000287836,0,0,0,0,0,0.000287836,0,0,0.000228104,0.000143918,0,0,0,0,0,0.000143918,0,0,0,0,0,0,0.000429847,0.000278074,0.000257349,0.000296664,0.000391627,0.000323016,8.90E-05,0.058446441,0.000242585,5.61E-05,0,0.13931874,0.000263831,0,0.00034853,0.082900986,0.000213703,0.000207702,0.000349617,0.000336774,0.000369607,0,0.000168387,0.000294561,0.000331547,0.000275419,0.089912966,0.000130327,8.90E-05,0,0,8.90E-05,0.000298714,0,0,0,0,0,0,0,0.14060299,0.000145091,0,0,0.000246536,0,0.000130327,0,0,8.90E-05,0,0,0.000130327,0,0,0.000130327,5.61E-05,0,0,0,0,0,0,0,0,5.61E-05,0,0,0,0.001086649,0.000587308,0.000877626,0.000786634,0.000997604,0.000587308,0.000146827,0.000690152,0.000740653,0.000673196,0,0.260092808,0.000836979,0,0.000806353,0.262313464,0.000573637,0.000232715,0.00086011,0.000806353,0.000902949,0.000146827,0.000543325,0.000681844,0.000914559,0.00072741,0.000746977,0.000379542,0.000146827,0,0.000681844,0.000293654,0.000828671,0,0.000487749,0.000340922,0,0,0,0,0.000644911,0,0,0,0.000573637,0,0.000293654,0,0,0,0,0,0,0,0,0.000340922,0.000232715,0,0,0,0,0,0,0,0,0,0,0,0,0.001074262,0.000510107,0.000626374,0.000743816,0.00104818,0.000413956,0,0.177387183,0.000510107,0.262169419,0.000147454,0.000762326,0.000756333,0,0.000773828,0.000750167,0.000381163,0.000233709,0.000795119,0.000809796,0.000708864,0.000233709,0.000467418,0.000827912,0.000657561,0.000684755,0.000750167,0,0,0,0.000676071,0,0.000932194,0,0.000413956,0.000489832,0.000413956,0,0.000147454,0,0.000693099,0.000442362,0.000294908,0,0.000489832,0,0.000342378,0,0.000233709,0,0,0,0,0,0.000233709,0.000233709,0,0.000233709,0,0,0,0.000147454,0,0,0,0,0,0,0
0.001091612,0,0.000794939,0.000765921,0.000951975,0.00069915,0.000372022,0.000632133,0.00078571,0,0,0.000684313,0.000760664,0,0.000922426,0.620426036,0.000404029,0.000575672,0.000943323,0.000835782,0.000904582,0,0.000547946,0,0.000917482,0.000744045,0.000684313,0.000372022,0,0,0,0.000372022,0.000922426,0.000799405,0,0,0,0.000143918,0.000334167,0,0.000776051,0,0,0,0.00051594,0,0.000287836,0,0,0,0,0,0.000287836,0,0,0.000228104,0.000143918,0,0,0,0,0,0.000143918,0,0,0,0,0,0,0,0,0,0,0,0,0,0,0,0,0,0,0,0,0,0,0,0,0,0,0,0,0,0,0,0,0,0,0,0,0,0,0,0,0,0,0,0,0,0,0,0,0,0,0,0,0,0,0,0,0,0,0,0,0,0,0,0,0,0,0,0,0,0,0,0,0,0,0,0,0,0,0,0,0,0,0,0,0,0,0,0,0,0,0,0,0,0,0,0,0,0,0,0,0,0,0,0,0,0,0,0,0,0,0,0,0,0,0,0,0,0,0,0,0,0,0,0,0,0,0,0,0,0,0,0,0,0,0,0,0,0,0,0,0,0,0,0,0,0,0,0,0,0,0,0,0,0,0,0,0,0,0,0,0,0,0,0,0,0,0,0,0,0,0,0,0,0,0,0,0,0,0,0,0,0,0,0,0,0,0,0,0,0,0,0,0,0,0,0,0,0,0,0,0,0,0,0,0,0,0,0,0,0,0,0,0
0.458858973,0,0.222861233,0.000268072,0.000333191,0.000244703,0.000130208,0.000221247,0.000274998,0,0,0.00023951,0.000266232,0,0.000322849,0.00030977,0.00014141,0.000201485,0.000330163,0.000292524,0.000316604,0,0.000191781,0,0.000321119,0.000260416,0.00023951,0.000130208,0,0,0,0.000130208,0.000322849,0.000279792,0,0,0,5.04E-05,0.000116958,0,0.000271618,0,0,0,0.000180579,0,0.000100743,0,0,0,0,0,0.000100743,0,0,7.98E-05,5.04E-05,0,0,0,0,0,5.04E-05,0,0,0,0,0,0,0,0,0,0,0,0,0,0,0,0,0,0,0,0,0,0,0,0,0,0,0,0,0,0,0,0,0,0,0,0,0,0,0,0,0,0,0,0,0,0,0,0,0,0,0,0,0,0,0,0,0,0,0,0,0,0,0,0,0,0,0,0,0,0,0,0,0,0,0,0.001267757,0.000685193,0.001023897,0.000917739,0.001163871,0.000685193,0.000171298,0.000805177,0.173683237,0.000785396,0,0.000864096,0.000976475,0,0.000940745,0.175166134,0.000669243,0.000271501,0.001003462,0.000940745,0.001053441,0.000171298,0.000633879,0.000795484,0.21446409,0.000848645,0.000871473,0.000442799,0.000171298,0,0.000795484,0.000342596,0.000966782,0,0.00056904,0.000397742,0,0,0,0,0.000752396,0,0,0,0.000669243,0,0.000342596,0,0,0,0,0,0,0,0,0.000397742,0.000271501,0,0,0,0,0,0,0,0,0,0,0,0,0.116268184,0.000274673,0.000337278,0.000400516,0.000564405,0.000222899,0,0.000238195,0.000274673,0.000468997,7.94E-05,0.000410483,0.000407256,0,0.000416677,0.242765528,0.000205242,0.000125843,0.000428141,0.000436044,0.000381696,0.000125843,0.000251687,0.000445799,0.177389754,0.000368714,0.000403936,0,0,0,0.000364038,0,0.00050195,0,0.000222899,0.000263755,0.000222899,0,7.94E-05,0,0.000373207,0.000238195,0.000158797,0,0.000263755,0,0.000184357,0,0.000125843,0,0,0,0,0,0.000125843,0.000125843,0,0.000125843,0,0,0,7.94E-05,0,0,0,0,0,0,0
0,0,0,0,0,0,0,0,0,0,0,0,0,0,0,0,0,0,0,0,0,0,0,0,0,0,0,0,0,0,0,0,0,0,0,0,0,0,0,0,0,0,0,0,0,0,0,0,0,0,0,0,0,0,0,0,0,0,0,0,0,0,0,0,0,0,0,0,0,0,0,0,0,0,0,0,0,0,0,0,0,0,0,0,0,0,0,0,0,0,0,0,0,0,0,0,0,0,0,0,0,0,0,0,0,0,0,0,0,0,0,0,0,0,0,0,0,0,0,0,0,0,0,0,0,0,0,0,0,0,0,0,0,0,0,0,0,0,0,0,0,0,0,0,0,0,0,0,0,0,0,0,0,0,0,0,0,0,0,0,0,0,0,0,0,0,0,0,0,0,0,0,0,0,0,0,0,0,0,0,0,0,0,0,0,0,0,0,0,0,0,0,0,0,0,0,0,0,0,0,0,0,0,0,0,0,0,0.002506611,0.00119025,0.001461539,0.001735571,0.002445754,0.000965897,0,0.001032178,0.00119025,0.002032321,0.000344059,0.001778761,0.001764778,0,0.001805599,0.526867173,0.000889381,0.000545321,0.001855277,0.001889524,0.001654016,0.000545321,0.001090642,0.001931794,0.001534309,0.001597762,0.001750389,0,0,0,0.001577499,0,0.002175119,0,0.000965897,0.00114294,0.000965897,0,0.000344059,0,0.00161723,0.001032178,0.000688119,0,0.00114294,0,0.000798881,0,0.000545321,0,0,0,0,0,0.000545321,0.000545321,0,0.000545321,0,0,0,0.000344059,0,0,0,0,0,0,0
0.001091612,0,0.000794939,0.000765921,0.000951975,0.00069915,0.000372022,0.000632133,0.00078571,0,0,0.000684313,0.000760664,0,0.000922426,0.177896766,0.000404029,0.000575672,0.000943323,0.000835782,0.000904582,0,0.000547946,0,0.184413908,0.000744045,0.000684313,0.000372022,0,0,0,0.000372022,0.000922426,0.000799405,0,0,0,0.000143918,0.000334167,0,0.000776051,0,0,0,0.00051594,0,0.000287836,0,0,0,0,0,0.000287836,0,0,0.000228104,0.000143918,0,0,0,0,0,0.000143918,0,0,0,0,0,0,0.344737518,0.000556148,0.000514698,0.000593328,0.079108717,0.000646031,0.000177925,0.000388348,0.00048517,0.000112258,0,0.000694857,0.000527661,0,0.00069706,0.000550837,0.000427406,0.000415404,0.000699234,0.000673547,0.104522541,0,0.000336774,0.000589121,0.000663095,0.000550837,0.000597428,0.000260655,0.000177925,0,0,0.000177925,0.000597428,0,0,0,0,0,0,0,0.000561289,0.000290182,0,0,0.000493072,0,0.000260655,0,0,0.000177925,0,0,0.000260655,0,0,0.000260655,0.000112258,0,0,0,0,0,0,0,0,0.000112258,0,0,0,0,0,0,0,0,0,0,0,0,0,0,0,0,0,0,0,0,0,0,0,0,0,0,0,0,0,0,0,0,0,0,0,0,0,0,0,0,0,0,0,0,0,0,0,0,0,0,0,0,0,0,0,0,0,0,0,0,0,0,0,0,0,0,0,0,0,0,0,0,0.003759916,0.001785375,0.002192309,0.002603357,0.737394973,0.001448845,0,0.001548267,0.001785375,0.003048482,0.000516089,0.002668142,0.002647167,0,0.002708398,0.002625584,0.001334071,0.000817982,0.002782916,0.002834285,0.002481023,0.000817982,0.001635964,0.00289769,0.002301464,0.002396643,0.002625584,0,0,0,0.002366249,0,0.003262678,0,0.001448845,0.001714411,0.001448845,0,0.000516089,0,0.002425846,0.001548267,0.001032178,0,0.001714411,0,0.001198322,0,0.000817982,0,0,0,0,0,0.000817982,0.000817982,0,0.000817982,0,0,0,0.000516089,0,0,0,0,0,0,0
0.00191032,0,0.001391144,0.001340361,0.001665956,0.001223513,0.000651039,0.001106233,0.001374992,0,0,0.001197548,0.001331162,0,0.001614245,0.177454237,0.00070705,0.001007425,0.001650814,0.001462619,0.001583018,0,0.000958906,0,0.001605594,0.001302078,0.001197548,0.000651039,0,0,0,0.000651039,0.001614245,0.001398958,0,0,0,0.000251856,0.000584792,0,0.001358089,0,0,0,0.000902895,0,0.000503713,0,0,0,0,0,0.000503713,0,0,0.000399183,0.000251856,0,0,0,0,0,0.000251856,0,0,0,0,0,0,0,0,0,0,0,0,0,0,0,0,0,0,0,0,0,0,0,0,0,0,0,0,0,0,0,0,0,0,0,0,0,0,0,0,0,0,0,0,0,0,0,0,0,0,0,0,0,0,0,0,0,0,0,0,0,0,0,0,0,0,0,0,0,0,0,0,0,0,0,0,0,0,0,0,0,0,0,0,0,0,0,0,0,0,0,0,0,0,0,0,0,0,0,0,0,0,0,0,0,0,0,0,0,0,0,0,0,0,0,0,0,0,0,0,0,0,0,0,0,0,0,0,0,0,0,0,0,0,0,0,0,0,0,0,0,0,0,0,0.001253305,0.000595125,0.00073077,0.000867786,0.001222877,0.000482948,0,0.000516089,0.000595125,0.001016161,0.00017203,0.000889381,0.000882389,0,0.000902799,0.525991978,0.00044469,0.000272661,0.000927639,0.000944762,0.000827008,0.000272661,0.000545321,0.000965897,0.000767155,0.000798881,0.000875195,0,0,0,0.00078875,0,0.001087559,0,0.000482948,0.00057147,0.000482948,0,0.00017203,0,0.000808615,0.000516089,0.000344059,0,0.00057147,0,0.000399441,0,0.000272661,0,0,0,0,0,0.000272661,0.000272661,0,0.000272661,0,0,0,0.00017203,0,0,0,0,0,0,0
0,0,0,0,0,0,0,0,0,0,0,0,0,0,0,0,0,0,0,0,0,0,0,0,0,0,0,0,0,0,0,0,0,0,0,0,0,0,0,0,0,0,0,0,0,0,0,0,0,0,0,0,0,0,0,0,0,0,0,0,0,0,0,0,0,0,0,0,0,0,0,0,0,0,0,0,0,0,0,0,0,0,0,0,0,0,0,0,0,0,0,0,0,0,0,0,0,0,0,0,0,0,0,0,0,0,0,0,0,0,0,0,0,0,0,0,0,0,0,0,0,0,0,0,0,0,0,0,0,0,0,0,0,0,0,0,0,0,0.000330719,0.000178746,0.000267104,0.191767569,0.000303619,0.000178746,4.47E-05,0.000210046,0.000225416,0.000204886,0,0.000225416,0.000254733,0,0.000245412,0.159365944,0.000174585,7.08E-05,0.000261773,0.000245412,0.000274811,4.47E-05,0.00016536,0.000207518,0.222953584,0.000221386,0.000227341,0.000115513,4.47E-05,0,0.000207518,8.94E-05,0.000252204,0,0.000148445,0.000103759,0,0,0,0,0.000196277,0,0,0,0.000174585,0,8.94E-05,0,0,0,0,0,0,0,0,0.000103759,7.08E-05,0,0,0,0,0,0,0,0,0,0,0,0,0.000939979,0.000446344,0.000548077,0.391154332,0.000917158,0.000362211,0,0.000387067,0.000446344,0.00076212,0.000129022,0.000667035,0.133020134,0,0.000677099,0.000656396,0.000333518,0.000204495,0.000695729,0.000708571,0.000620256,0.000204495,0.000408991,0.000724423,0.000575366,0.000599161,0.000656396,0,0,0,0.000591562,0,0.000815669,0,0.000362211,0.000428603,0.000362211,0,0.000129022,0,0.000606461,0.000387067,0.000258045,0,0.000428603,0,0.00029958,0,0.000204495,0,0,0,0,0,0.000204495,0.000204495,0,0.000204495,0,0,0,0.000129022,0,0,0,0,0,0,0
0.00191032,0,0.001391144,0.001340361,0.001665956,0.001223513,0.000651039,0.001106233,0.001374992,0,0,0.001197548,0.001331162,0,0.001614245,0.62108983,0.00070705,0.001007425,0.001650814,0.001462619,0.001583018,0,0.000958906,0,0.001605594,0.001302078,0.001197548,0.000651039,0,0,0,0.000651039,0.001614245,0.001398958,0,0,0,0.000251856,0.000584792,0,0.001358089,0,0,0,0.000902895,0,0.000503713,0,0,0,0,0,0.000503713,0,0,0.000399183,0.000251856,0,0,0,0,0,0.000251856,0,0,0,0,0,0,0,0,0,0,0,0,0,0,0,0,0,0,0,0,0,0,0,0,0,0,0,0,0,0,0,0,0,0,0,0,0,0,0,0,0,0,0,0,0,0,0,0,0,0,0,0,0,0,0,0,0,0,0,0,0,0,0,0,0,0,0,0,0,0,0,0,0,0,0,0.001267757,0.000685193,0.001023897,0.000917739,0.001163871,0.000685193,0.000171298,0.000805177,0.000864096,0.000785396,0,0.000864096,0.000976475,0,0.000940745,0.523755456,0.000669243,0.000271501,0.001003462,0.000940745,0.001053441,0.000171298,0.000633879,0.000795484,0.001066986,0.000848645,0.000871473,0.000442799,0.000171298,0,0.000795484,0.000342596,0.000966782,0,0.00056904,0.000397742,0,0,0,0,0.000752396,0,0,0,0.000669243,0,0.000342596,0,0,0,0,0,0,0,0,0.000397742,0.000271501,0,0,0,0,0,0,0,0,0,0,0,0,0,0,0,0,0,0,0,0,0,0,0,0,0,0,0,0,0,0,0,0,0,0,0,0,0,0,0,0,0,0,0,0,0,0,0,0,0,0,0,0,0,0,0,0,0,0,0,0,0,0,0,0,0,0,0,0,0,0,0,0,0,0,0,0,0,0,0,0,0
0.001273547,0,0.000927429,0.000893574,0.001110637,0.000815675,0.000434026,0.000737488,0.367581234,0,0,0.000798366,0.000887441,0,0.001076164,0.001032568,0.000471367,0.000671617,0.001100543,0.000975079,0.001055345,0,0.000639271,0,0.001070396,0.174478464,0.000798366,0.000434026,0,0,0,0.000434026,0.001076164,0.000932639,0,0,0,0.000167904,0.000389861,0,0.000905393,0,0,0,0.00060193,0,0.000335808,0,0,0,0,0,0.000335808,0,0,0.000266122,0.000167904,0,0,0,0,0,0.000167904,0,0,0,0,0,0,0.001105322,0.000715047,0.000661755,0.00076285,0.705936206,0.000830612,0.00022876,0.000499305,0.000623791,0.000144332,0,0.000893387,0.000678422,0,0.00089622,0.000708219,0.000549521,0.00053409,0.000899015,0.000865989,0.000950418,0,0.000432995,0.000757442,0.000852551,0.000708219,0.000768122,0.000335127,0.00022876,0,0,0.00022876,0.000768122,0,0,0,0,0,0,0,0.000721658,0.000373092,0,0,0.00063395,0,0.000335127,0,0,0.00022876,0,0,0.000335127,0,0,0.000335127,0.000144332,0,0,0,0,0,0,0,0,0.000144332,0,0,0,0.000633879,0.000342596,0.000511949,0.00045887,0.349743329,0.000342596,8.56E-05,0.000402588,0.000432048,0.000392698,0,0.000432048,0.000488238,0,0.000470372,0.261877728,0.000334622,0.000135751,0.000501731,0.000470372,0.00052672,8.56E-05,0.000316939,0.000397742,0.000533493,0.000424322,0.000435737,0.0002214,8.56E-05,0,0.000397742,0.000171298,0.000483391,0,0.00028452,0.000198871,0,0,0,0,0.000376198,0,0,0,0.000334622,0,0.000171298,0,0,0,0,0,0,0,0,0.000198871,0.000135751,0,0,0,0,0,0,0,0,0,0,0,0,0.000835537,0.00039675,0.00048718,0.174135632,0.000815251,0.000321966,0,0.000344059,0.00039675,0.00067744,0.000114686,0.00059292,0.000588259,0,0.000601866,0.350661319,0.00029646,0.000181774,0.000618426,0.000629841,0.000551339,0.000181774,0.000363547,0.000643931,0.000511436,0.000532587,0.000583463,0,0,0,0.000525833,0,0.00072504,0,0.000321966,0.00038098,0.000321966,0,0.000114686,0,0.000539077,0.000344059,0.000229373,0,0.00038098,0,0.000266294,0,0.000181774,0,0,0,0,0,0.000181774,0.000181774,0,0.000181774,0,0,0,0.000114686,0,0,0,0,0,0,0
0.00191032,0,0.001391144,0.001340361,0.001665956,0.001223513,0.000651039,0.001106233,0.001374992,0,0,0.001197548,0.001331162,0,0.001614245,0.62108983,0.00070705,0.001007425,0.001650814,0.001462619,0.001583018,0,0.000958906,0,0.001605594,0.001302078,0.001197548,0.000651039,0,0,0,0.000651039,0.001614245,0.001398958,0,0,0,0.000251856,0.000584792,0,0.001358089,0,0,0,0.000902895,0,0.000503713,0,0,0,0,0,0.000503713,0,0,0.000399183,0.000251856,0,0,0,0,0,0.000251856,0,0,0,0,0,0,0.000595173,0.000385025,0.000356329,0.000410766,0.163218214,0.000447253,0.000123179,0.161582827,0.000335887,7.77E-05,0,0.192902871,0.000365304,0,0.00048258,0.000381349,0.000295896,0.000287587,0.000484085,0.000466302,0.000511763,0,0.000233151,0.000407853,0.000459066,0.000381349,0.000413604,0.000180453,0.000123179,0,0,0.000123179,0.000413604,0,0,0,0,0,0,0,0.000388585,0.000200896,0,0,0.000341358,0,0.000180453,0,0,0.000123179,0,0,0.000180453,0,0,0.000180453,7.77E-05,0,0,0,0,0,0,0,0,7.77E-05,0,0,0,0.000253551,0.000137039,0.000204779,0.000183548,0.000232774,0.000137039,3.43E-05,0.193403499,0.000172819,0.000157079,0,0.069300476,0.058783804,0,0.000188149,0.139610023,0.000133849,5.43E-05,0.000200692,0.000188149,0.000210688,3.43E-05,0.000126776,0.000159097,0.000213397,0.051088428,0.000174295,8.86E-05,3.43E-05,0,0.000159097,6.85E-05,0.000193356,0,0.000113808,7.95E-05,0,0,0,0,0.000150479,0,0,0,0.000133849,0,6.85E-05,0,0,0,0,0,0,0,0,7.95E-05,5.43E-05,0,0,0,0,0,0,0,0,0,0,0,0,0.000751983,0.000357075,0.000438462,0.000520671,0.000733726,0.000289769,0,0.124171028,0.000357075,0.000609696,0.000103218,0.320710637,0.000529433,0,0.00054168,0.000525117,0.000266814,0.000163596,0.000556583,0.000566857,0.000496205,0.000163596,0.000327193,0.000579538,0.000460293,0.000479329,0.000525117,0,0,0,0.00047325,0,0.000652536,0,0.000289769,0.000342882,0.000289769,0,0.000103218,0,0.000485169,0.000309653,0.000206436,0,0.000342882,0,0.000239664,0,0.000163596,0,0,0,0,0,0.000163596,0.000163596,0,0.000163596,0,0,0,0.000103218,0,0,0,0,0,0,0
0,0,0,0,0,0,0,0,0,0,0,0,0,0,0,0,0,0,0,0,0,0,0,0,0,0,0,0,0,0,0,0,0,0,0,0,0,0,0,0,0,0,0,0,0,0,0,0,0,0,0,0,0,0,0,0,0,0,0,0,0,0,0,0,0,0,0,0,0,0,0,0,0,0,0,0,0,0,0,0,0,0,0,0,0,0,0,0,0,0,0,0,0,0,0,0,0,0,0,0,0,0,0,0,0,0,0,0,0,0,0,0,0,0,0,0,0,0,0,0,0,0,0,0,0,0,0,0,0,0,0,0,0,0,0,0,0,0,0.001267757,0.000685193,0.001023897,0.000917739,0.001163871,0.000685193,0.000171298,0.000805177,0.000864096,0.000785396,0,0.000864096,0.000976475,0,0.000940745,0.523755456,0.000669243,0.000271501,0.001003462,0.000940745,0.001053441,0.000171298,0.000633879,0.000795484,0.001066986,0.000848645,0.000871473,0.000442799,0.000171298,0,0.000795484,0.000342596,0.000966782,0,0.00056904,0.000397742,0,0,0,0,0.000752396,0,0,0,0.000669243,0,0.000342596,0,0,0,0,0,0,0,0,0.000397742,0.000271501,0,0,0,0,0,0,0,0,0,0,0,0,0.000751983,0.000357075,0.000438462,0.000520671,0.440969531,0.000289769,0,0.000309653,0.000357075,0.000609696,0.000103218,0.000533628,0.000529433,0,0.00054168,0.21057183,0.000266814,0.000163596,0.000556583,0.000566857,0.000496205,0.000163596,0.000327193,0.000579538,0.000460293,0.000479329,0.000525117,0,0,0,0.00047325,0,0.000652536,0,0.000289769,0.000342882,0.000289769,0,0.000103218,0,0.000485169,0.000309653,0.000206436,0,0.000342882,0,0.000239664,0,0.000163596,0,0,0,0,0,0.000163596,0.000163596,0,0.000163596,0,0,0,0.000103218,0,0,0,0,0,0,0
0.002547094,0,0.001854858,0.001787148,0.668603765,0.001631351,0.000868052,0.001474977,0.001833323,0,0,0.001596731,0.001774882,0,0.002152327,0.002065137,0.000942733,0.001343234,0.002201086,0.001950158,0.002110691,0,0.001278542,0,0.002140792,0.001736104,0.001596731,0.000868052,0,0,0,0.000868052,0.002152327,0.001865277,0,0,0,0.000335808,0.000779723,0,0.001810785,0,0,0,0.00120386,0,0.000671617,0,0,0,0,0,0.000671617,0,0,0.000532244,0.000335808,0,0,0,0,0,0.000335808,0,0,0,0,0,0,0.310263766,0.000500533,0.000463228,0.000533995,0.423662428,0.000581428,0.000160132,0.000349514,0.000436653,0.000101032,0,0.000625371,0.000474895,0,0.000627354,0.000495753,0.000384665,0.000373863,0.000629311,0.000606193,0.000665293,0,0.000303096,0.000530209,0.000596785,0.000495753,0.000537686,0.000234589,0.000160132,0,0,0.000160132,0.000537686,0,0,0,0,0,0,0,0.00050516,0.000261164,0,0,0.000443765,0,0.000234589,0,0,0.000160132,0,0,0.000234589,0,0,0.000234589,0.000101032,0,0,0,0,0,0,0,0,0.000101032,0,0,0,0.127092683,0.000171298,0.000255974,0.000229435,0.000290968,0.000171298,4.28E-05,0.000201294,0.000216024,0.000196349,0,0.000216024,0.195539149,0,0.000235186,0.043791534,0.000167311,6.79E-05,0.000250865,0.023753802,0.00026336,4.28E-05,0.00015847,0.039973085,0.000266746,0.000212161,0.000217868,0.0001107,4.28E-05,0,0.000198871,8.56E-05,0.000241696,0,0.028594278,9.94E-05,0,0,0,0,0.094237616,0,0,0,0.000167311,0,8.56E-05,0,0,0,0,0,0,0,0,9.94E-05,6.79E-05,0,0,0,0,0,0,0,0,0,0,0,0,0.251078861,0.000198375,0.00024359,0.000289262,0.244983073,0.000160983,0,0.00017203,0.000198375,0.00033872,5.73E-05,0.00029646,0.00029413,0,0.000300933,0.000291732,0.00014823,9.09E-05,0.000309213,0.000314921,0.000275669,9.09E-05,0.000181774,0.096911643,0.000255718,0.000266294,0.000291732,0,0,0,0.000262917,0,0.00036252,0,0.048455822,0.00019049,0.000160983,0,5.73E-05,0,0.000269538,0.00017203,0.000114686,0,0.00019049,0,0.000133147,0,9.09E-05,0,0,0,0,0,9.09E-05,9.09E-05,0,9.09E-05,0,0,0,5.73E-05,0,0,0,0,0,0,0
0.127673084,0,0.139346235,0.000223394,0.055809534,0.000203919,0.000108507,0.000184372,0.13772838,0,0,0.000199591,0.00022186,0,0.080981309,0.051886557,0.000117842,0.000167904,0.027788709,0.00024377,0.000263836,0,0.000159818,0,0.000267599,0.000217013,0.000199591,0.000108507,0,0,0,0.000108507,0.000269041,0.00023316,0,0,0,4.20E-05,9.75E-05,0,0.000226348,0,0,0,0.000150483,0,8.40E-05,0,0,0,0,0,8.40E-05,0,0,6.65E-05,4.20E-05,0,0,0,0,0,4.20E-05,0,0,0,0,0,0,0.310263766,0.000500533,0.000463228,0.000533995,0.000704929,0.000581428,0.000160132,0.000349514,0.000436653,0.000101032,0,0.000625371,0.142943468,0,0.188833567,0.000495753,0.000384665,0.000373863,0.000629311,0.000606193,0.000665293,0,0.000303096,0.000530209,0.000596785,0.000495753,0.000537686,0.000234589,0.000160132,0,0,0.000160132,0.000537686,0,0,0,0,0,0,0,0.00050516,0.000261164,0,0,0.000443765,0,0.000234589,0,0,0.000160132,0,0,0.000234589,0,0,0.000234589,0.000101032,0,0,0,0,0,0,0,0,0.000101032,0,0,0,0.138646563,0.000186871,0.000279245,0.000250292,0.095543254,0.074935183,4.67E-05,0.000219594,0.070934402,0.000214199,0,0.000235662,0.000266311,0,0.000256567,0.000237675,0.000182521,7.40E-05,0.027640808,0.000256567,0.000287302,4.67E-05,0.034748079,0.00021695,0.000290996,0.000231449,0.071540036,0.000120763,4.67E-05,0,0.00021695,9.34E-05,0.000263668,0,0.031193758,0.000108475,0,0,0,0,0.000205199,0,0,0,0.000182521,0,9.34E-05,0,0,0,0,0,0,0,0,0.000108475,7.40E-05,0,0,0,0,0,0,0,0,0,0,0,0,0.000442343,0.000210044,0.077633528,0.000306277,0.000431604,0.000170452,0,0.000182149,0.063223273,0.000358645,6.07E-05,0.000313899,0.000311431,0,0.000318635,0.185644228,0.00015695,9.62E-05,0.033067591,0.000333445,0.000291885,9.62E-05,0.000192466,0.000340905,0.00027076,0.000281958,0.000308892,0,0,0,0.000278382,0,0.000383844,0,0.068351401,0.000201695,0.000170452,0,6.07E-05,0,0.000285394,0.000182149,0.000121433,0,0.000201695,0,0.000140979,0,9.62E-05,0,0,0,0,0,9.62E-05,9.62E-05,0,9.62E-05,0,0,0,6.07E-05,0,0,0,0,0,0,0
0.001091612,0,0.000794939,0.000765921,0.000951975,0.00069915,0.000372022,0.000632133,0.00078571,0,0,0.000684313,0.000760664,0,0.277650203,0.354908474,0.000404029,0.000575672,0.000943323,0.000835782,0.000904582,0,0.000547946,0,0.000917482,0.000744045,0.000684313,0.000372022,0,0,0,0.000372022,0.000922426,0.000799405,0,0,0,0.000143918,0.000334167,0,0.000776051,0,0,0,0.00051594,0,0.000287836,0,0,0,0,0,0.000287836,0,0,0.000228104,0.000143918,0,0,0,0,0,0.000143918,0,0,0,0,0,0,0.001934313,0.001251332,0.001158071,0.001334988,0.001762323,0.582881875,0.00040033,0.000873784,0.001091634,0.00025258,0,0.001563427,0.001187238,0,0.001568385,0.001239384,0.000961663,0.000934658,0.001573276,0.001515481,0.001663231,0,0.000757741,0.001325523,0.001491964,0.001239384,0.001344214,0.000586473,0.00040033,0,0,0.00040033,0.001344214,0,0,0,0,0,0,0,0.001262901,0.00065291,0,0,0.001109413,0,0.000586473,0,0,0.00040033,0,0,0.000586473,0,0,0.000586473,0.00025258,0,0,0,0,0,0,0,0,0.00025258,0,0,0,0.003803272,0.002055579,0.003071692,0.002753217,0.003491614,0.002055579,0.000513895,0.002415531,0.002592287,0.002356188,0,0.002592287,0.002929425,0,0.002822234,0.00261442,0.00200773,0.000814504,0.003010385,0.002822234,0.003160322,0.000513895,0.001901636,0.002386453,0.003200957,0.002545935,0.00261442,0.001328398,0.000513895,0,0.479677019,0.001027789,0.002900347,0,0.001707121,0.001193226,0,0,0,0,0.002257188,0,0,0,0.00200773,0,0.001027789,0,0,0,0,0,0,0,0,0.001193226,0.000814504,0,0,0,0,0,0,0,0,0,0,0,0,0,0,0,0,0,0,0,0,0,0,0,0,0,0,0,0,0,0,0,0,0,0,0,0,0,0,0,0,0,0,0,0,0,0,0,0,0,0,0,0,0,0,0,0,0,0,0,0,0,0,0,0,0,0,0,0,0,0,0,0,0,0,0,0,0,0,0,0,0
0.000636773,0,0.000463715,0.357876393,0.000555319,0.000407838,0.000217013,0.000368744,0.000458331,0,0,0.000399183,0.000443721,0,0.000538082,0.207029943,0.000235683,0.000335808,0.000550271,0.00048754,0.000527673,0,0.000319635,0,0.000535198,0.000434026,0.000399183,0.000217013,0,0,0,0.000217013,0.000538082,0.000466319,0,0,0,8.40E-05,0.000194931,0,0.000452696,0,0,0,0.000300965,0,0.000167904,0,0,0,0,0,0.000167904,0,0,0.000133061,8.40E-05,0,0,0,0,0,8.40E-05,0,0,0,0,0,0,0.001289542,0.000834221,0.000772047,0.534885218,0.001174882,0.000969047,0.000266887,0.000582523,0.000727756,0.000168387,0,0.001042285,0.000791492,0,0.00104559,0.000826256,0.000641108,0.000623105,0.001048851,0.001010321,0.001108821,0,0.00050516,0.000883682,0.000994642,0.000826256,0.000896143,0.000390982,0.000266887,0,0,0.000266887,0.000896143,0,0,0,0,0,0,0,0.000841934,0.000435274,0,0,0.000739608,0,0.000390982,0,0,0.000266887,0,0,0.000390982,0,0,0.000390982,0.000168387,0,0,0,0,0,0,0,0,0.000168387,0,0,0,0.001267757,0.000685193,0.001023897,0.000917739,0.001163871,0.000685193,0.000171298,0.000805177,0.000864096,0.000785396,0,0.000864096,0.000976475,0,0.000940745,0.523755456,0.000669243,0.000271501,0.001003462,0.000940745,0.001053441,0.000171298,0.000633879,0.000795484,0.001066986,0.000848645,0.000871473,0.000442799,0.000171298,0,0.000795484,0.000342596,0.000966782,0,0.00056904,0.000397742,0,0,0,0,0.000752396,0,0,0,0.000669243,0,0.000342596,0,0,0,0,0,0,0,0,0.000397742,0.000271501,0,0,0,0,0,0,0,0,0,0,0,0,0,0,0,0,0,0,0,0,0,0,0,0,0,0,0,0,0,0,0,0,0,0,0,0,0,0,0,0,0,0,0,0,0,0,0,0,0,0,0,0,0,0,0,0,0,0,0,0,0,0,0,0,0,0,0,0,0,0,0,0,0,0,0,0,0,0,0,0,0
0,0,0,0,0,0,0,0,0,0,0,0,0,0,0,0,0,0,0,0,0,0,0,0,0,0,0,0,0,0,0,0,0,0,0,0,0,0,0,0,0,0,0,0,0,0,0,0,0,0,0,0,0,0,0,0,0,0,0,0,0,0,0,0,0,0,0,0,0,0,0,0,0,0,0,0,0,0,0,0,0,0,0,0,0,0,0,0,0,0,0,0,0,0,0,0,0,0,0,0,0,0,0,0,0,0,0,0,0,0,0,0,0,0,0,0,0,0,0,0,0,0,0,0,0,0,0,0,0,0,0,0,0,0,0,0,0,0,0,0,0,0,0,0,0,0,0,0,0,0,0,0,0,0,0,0,0,0,0,0,0,0,0,0,0,0,0,0,0,0,0,0,0,0,0,0,0,0,0,0,0,0,0,0,0,0,0,0,0,0,0,0,0,0,0,0,0,0,0,0,0,0,0,0,0,0,0,0.001253305,0.000595125,0.00073077,0.000867786,0.001222877,0.000482948,0,0.000516089,0.000595125,0.001016161,0.00017203,0.000889381,0.000882389,0,0.000902799,0.525991978,0.00044469,0.000272661,0.000927639,0.000944762,0.000827008,0.000272661,0.000545321,0.000965897,0.000767155,0.000798881,0.000875195,0,0,0,0.00078875,0,0.001087559,0,0.000482948,0.00057147,0.000482948,0,0.00017203,0,0.000808615,0.000516089,0.000344059,0,0.00057147,0,0.000399441,0,0.000272661,0,0,0,0,0,0.000272661,0.000272661,0,0.000272661,0,0,0,0.00017203,0,0,0,0,0,0,0
0.764764954,0,0.000463715,0.000446787,0.000555319,0.000407838,0.000217013,0.000368744,0.000458331,0,0,0.000399183,0.000443721,0,0.000538082,0.000516284,0.000235683,0.000335808,0.000550271,0.00048754,0.000527673,0,0.000319635,0,0.000535198,0.000434026,0.000399183,0.000217013,0,0,0,0.000217013,0.000538082,0.000466319,0,0,0,8.40E-05,0.000194931,0,0.000452696,0,0,0,0.000300965,0,0.000167904,0,0,0,0,0,0.000167904,0,0,0.000133061,8.40E-05,0,0,0,0,0,8.40E-05,0,0,0,0,0,0,0,0,0,0,0,0,0,0,0,0,0,0,0,0,0,0,0,0,0,0,0,0,0,0,0,0,0,0,0,0,0,0,0,0,0,0,0,0,0,0,0,0,0,0,0,0,0,0,0,0,0,0,0,0,0,0,0,0,0,0,0,0,0,0,0,0,0,0,0,0.761288341,0.000342596,0.000511949,0.00045887,0.000581936,0.000342596,8.56E-05,0.000402588,0.000432048,0.000392698,0,0.000432048,0.000488238,0,0.000470372,0.000435737,0.000334622,0.000135751,0.000501731,0.000470372,0.00052672,8.56E-05,0.000316939,0.000397742,0.000533493,0.000424322,0.000435737,0.0002214,8.56E-05,0,0.000397742,0.000171298,0.000483391,0,0.00028452,0.000198871,0,0,0,0,0.000376198,0,0,0,0.000334622,0,0.000171298,0,0,0,0,0,0,0,0,0.000198871,0.000135751,0,0,0,0,0,0,0,0,0,0,0,0,0,0,0,0,0,0,0,0,0,0,0,0,0,0,0,0,0,0,0,0,0,0,0,0,0,0,0,0,0,0,0,0,0,0,0,0,0,0,0,0,0,0,0,0,0,0,0,0,0,0,0,0,0,0,0,0,0,0,0,0,0,0,0,0,0,0,0,0,0
0.002547094,0,0.001854858,0.001787148,0.668603765,0.001631351,0.000868052,0.001474977,0.001833323,0,0,0.001596731,0.001774882,0,0.002152327,0.002065137,0.000942733,0.001343234,0.002201086,0.001950158,0.002110691,0,0.001278542,0,0.002140792,0.001736104,0.001596731,0.000868052,0,0,0,0.000868052,0.002152327,0.001865277,0,0,0,0.000335808,0.000779723,0,0.001810785,0,0,0,0.00120386,0,0.000671617,0,0,0,0,0,0.000671617,0,0,0.000532244,0.000335808,0,0,0,0,0,0.000335808,0,0,0,0,0,0,0.194398432,0.000625666,0.000579035,0.1341663,0.265229598,0.000726785,0.000200165,0.000436892,0.000545817,0.00012629,0,0.000781714,0.000593619,0,0.000784193,0.000619692,0.000480831,0.000467329,0.000786638,0.000757741,0.000831616,0,0.00037887,0.000662761,0.000745982,0.062588867,0.000672107,0.000293237,0.000200165,0,0,0.000200165,0.000672107,0,0,0,0,0,0,0,0.000631451,0.000326455,0,0,0.000554706,0,0.000293237,0,0,0.000200165,0,0,0.000293237,0,0,0.000293237,0.00012629,0,0,0,0,0,0,0,0,0.00012629,0,0,0,0.762556099,0.001027789,0.001535846,0.001376609,0.001745807,0.001027789,0.000256947,0.001207765,0.001296144,0.001178094,0,0.001296144,0.001464713,0,0.001411117,0.00130721,0.001003865,0.000407252,0.001505193,0.001411117,0.001580161,0.000256947,0.000950818,0.001193226,0.001600478,0.001272967,0.00130721,0.000664199,0.000256947,0,0.001193226,0.000513895,0.001450174,0,0.000853561,0.000596613,0,0,0,0,0.001128594,0,0,0,0.001003865,0,0.000513895,0,0,0,0,0,0,0,0,0.000596613,0.000407252,0,0,0,0,0,0,0,0,0,0,0,0,0,0,0,0,0,0,0,0,0,0,0,0,0,0,0,0,0,0,0,0,0,0,0,0,0,0,0,0,0,0,0,0,0,0,0,0,0,0,0,0,0,0,0,0,0,0,0,0,0,0,0,0,0,0,0,0,0,0,0,0,0,0,0,0,0,0,0,0,0
0,0,0,0,0,0,0,0,0,0,0,0,0,0,0,0,0,0,0,0,0,0,0,0,0,0,0,0,0,0,0,0,0,0,0,0,0,0,0,0,0,0,0,0,0,0,0,0,0,0,0,0,0,0,0,0,0,0,0,0,0,0,0,0,0,0,0,0,0,0,0,0,0,0,0,0,0,0,0,0,0,0,0,0,0,0,0,0,0,0,0,0,0,0,0,0,0,0,0,0,0,0,0,0,0,0,0,0,0,0,0,0,0,0,0,0,0,0,0,0,0,0,0,0,0,0,0,0,0,0,0,0,0,0,0,0,0,0,0.000475409,0.000256947,0.000383962,0.000344152,0.000436452,0.000256947,6.42E-05,0.000301941,0.000324036,0.442079713,0,0.000324036,0.000366178,0,0.000352779,0.000326802,0.000250966,0.000101813,0.038006111,0.000352779,0.00039504,6.42E-05,0.000237705,0.000298307,0.00040012,0.000318242,0.000326802,0.00016605,6.42E-05,0,0.000298307,0.000128474,0.000362543,0,0.00021339,0.000149153,0,0,0,0,0.000282149,0,0,0,0.000250966,0,0.000128474,0,0,0,0,0,0,0,0,0.000149153,0.000101813,0,0,0,0,0,0,0,0,0,0,0,0,0,0,0,0,0,0,0,0,0,0,0,0,0,0,0,0,0,0,0,0,0,0,0,0,0,0,0,0,0,0,0,0,0,0,0,0,0,0,0,0,0,0,0,0,0,0,0,0,0,0,0,0,0,0,0,0,0,0,0,0,0,0,0,0,0,0,0,0,0
0.102393176,0,0.000370972,0.00035743,0.000444255,0.00032627,0.00017361,0.000294995,0.000366665,0,0,0.000319346,0.000354976,0,0.000430465,0.206926686,0.000188547,0.107727327,0.000440217,0.000390032,0.000422138,0,0.000255708,0,0.171691489,0.000347221,0.000319346,0.00017361,0,0,0,0.00017361,0.000430465,0.000373055,0,0,0,6.72E-05,0.000155945,0,0.000362157,0,0,0,0.000240772,0,0.000134323,0,0,0,0,0,0.000134323,0,0,0.000106449,6.72E-05,0,0,0,0,0,6.72E-05,0,0,0,0,0,0,0.388796864,0.001251332,0.001158071,0.001334988,0.001762323,0.001453571,0.00040033,0.000873784,0.001091634,0.00025258,0,0.001563427,0.001187238,0,0.001568385,0.001239384,0.000961663,0.187866235,0.001573276,0.001515481,0.001663231,0,0.000757741,0.001325523,0.001491964,0.001239384,0.001344214,0.000586473,0.00040033,0,0,0.00040033,0.001344214,0,0,0,0,0,0,0,0.001262901,0.00065291,0,0,0.001109413,0,0.000586473,0,0,0.00040033,0,0,0.000586473,0,0,0.000586473,0.00025258,0,0,0,0,0,0,0,0,0.00025258,0,0,0,0.381278049,0.000513895,0.000767923,0.000688304,0.000872903,0.000513895,0.000128474,0.000603883,0.000648072,0.000589047,0,0.000648072,0.000732356,0,0.000705558,0.131374601,0.000501933,0.000203626,0.000752596,0.000705558,0.000790081,0.000128474,0.000475409,0.000596613,0.160848068,0.000636484,0.000653605,0.0003321,0.000128474,0,0.000596613,0.000256947,0.000725087,0,0.00042678,0.000298307,0,0,0,0,0.000564297,0,0,0,0.000501933,0,0.000256947,0,0,0,0,0,0,0,0,0.000298307,0.000203626,0,0,0,0,0,0,0,0,0,0,0,0,0,0,0,0,0,0,0,0,0,0,0,0,0,0,0,0,0,0,0,0,0,0,0,0,0,0,0,0,0,0,0,0,0,0,0,0,0,0,0,0,0,0,0,0,0,0,0,0,0,0,0,0,0,0,0,0,0,0,0,0,0,0,0,0,0,0,0,0,0
0,0,0,0,0,0,0,0,0,0,0,0,0,0,0,0,0,0,0,0,0,0,0,0,0,0,0,0,0,0,0,0,0,0,0,0,0,0,0,0,0,0,0,0,0,0,0,0,0,0,0,0,0,0,0,0,0,0,0,0,0,0,0,0,0,0,0,0,0,0.149090875,0.038695036,0.000178165,0.000205383,0.000271127,0.000223626,0.006220515,0.000134428,0.000167944,3.89E-05,0,0.000240527,0.000182652,0,0.00024129,0.076460429,0.000147948,0.028902498,0.000242043,0.000233151,0.000255882,0,0.000116575,0.000203927,0.137949262,0.000190674,0.08292765,9.02E-05,6.16E-05,0,0,6.16E-05,0.000206802,0,0,0,0,0,0,0,0.000194292,0.000100448,0,0,0.000170679,0,0.00911289,0,0,6.16E-05,0,0,9.02E-05,0,0,9.02E-05,3.89E-05,0,0,0,0,0,0,0,0,3.89E-05,0,0,0,0.111500813,0.000100272,0.000149839,0.000134303,0.000170323,0.000100272,0.005038674,0.000117831,0.000126453,0.000114936,0,0.000126453,0.000142899,0,0.00013767,0.051140604,0.078448383,0.015932488,0.000146848,0.00013767,0.000154162,2.51E-05,9.28E-05,0.046681346,0.062613833,0.000124192,0.114906943,6.48E-05,2.51E-05,0,0.000116412,5.01E-05,0.00014148,0,8.33E-05,5.82E-05,0,0,0,0,0.000110107,0,0,0,9.79E-05,0,5.01E-05,0,0,0,0,0,0,0,0,5.82E-05,3.97E-05,0,0,0,0,0,0,0,0,0,0,0,0,0.036507575,5.76E-05,7.07E-05,8.40E-05,0.000118343,4.67E-05,0,4.99E-05,5.76E-05,9.83E-05,1.66E-05,8.61E-05,8.54E-05,0,8.74E-05,0.033963198,0.017256852,0.005303688,8.98E-05,9.14E-05,8.00E-05,2.64E-05,5.28E-05,0.028135638,7.42E-05,7.73E-05,0.025493573,0,0,0,7.63E-05,0,0.000105248,0,4.67E-05,0.016646375,4.67E-05,0,1.66E-05,0,7.83E-05,4.99E-05,3.33E-05,0,5.53E-05,0,3.87E-05,0,2.64E-05,0,0,0,0,0,0.105572426,2.64E-05,0,2.64E-05,0,0,0,1.66E-05,0,0,0,0,0,0,0
0.002547094,0,0.001854858,0.001787148,0.002221275,0.001631351,0.000868052,0.001474977,0.001833323,0,0,0.001596731,0.001774882,0,0.647850475,0.002065137,0.000942733,0.001343234,0.002201086,0.001950158,0.002110691,0,0.001278542,0,0.002140792,0.001736104,0.001596731,0.000868052,0,0,0,0.000868052,0.002152327,0.001865277,0,0,0,0.000335808,0.000779723,0,0.001810785,0,0,0,0.00120386,0,0.000671617,0,0,0,0,0,0.000671617,0,0,0.000532244,0.000335808,0,0,0,0,0,0.000335808,0,0,0,0,0,0,0.002579084,0.001668443,0.001544094,0.001779984,0.002349764,0.001938094,0.000533774,0.001165045,0.001455511,0.000336774,0,0.00208457,0.001582984,0,0.00209118,0.497405917,0.001282217,0.001246211,0.002097702,0.002020642,0.002217642,0,0.001010321,0.001767364,0.001989285,0.001652511,0.001792285,0.000781964,0.000533774,0,0,0.000533774,0.001792285,0,0,0,0,0,0,0,0.001683868,0.000870547,0,0,0.001479217,0,0.000781964,0,0,0.000533774,0,0,0.000781964,0,0,0.000781964,0.000336774,0,0,0,0,0,0,0,0,0.000336774,0,0,0,0,0,0,0,0,0,0,0,0,0,0,0,0,0,0,0,0,0,0,0,0,0,0,0,0,0,0,0,0,0,0,0,0,0,0,0,0,0,0,0,0,0,0,0,0,0,0,0,0,0,0,0,0,0,0,0,0,0,0,0,0,0,0,0,0,0,0,0,0,0.002506611,0.00119025,0.001461539,0.001735571,0.002445754,0.000965897,0,0.001032178,0.00119025,0.002032321,0.000344059,0.001778761,0.001764778,0,0.001805599,0.526867173,0.000889381,0.000545321,0.001855277,0.001889524,0.001654016,0.000545321,0.001090642,0.001931794,0.001534309,0.001597762,0.001750389,0,0,0,0.001577499,0,0.002175119,0,0.000965897,0.00114294,0.000965897,0,0.000344059,0,0.00161723,0.001032178,0.000688119,0,0.00114294,0,0.000798881,0,0.000545321,0,0,0,0,0,0.000545321,0.000545321,0,0.000545321,0,0,0,0.000344059,0,0,0,0,0,0,0
